GW,id,home,team_h,away,team_a,finished,kickoff,team_h_score,team_a_score,season_start_year
1,1,CRY,7,ARS,1,True,2022-08-05T19:00:00Z,0,2,22
1,4,FUL,9,LIV,12,True,2022-08-06T11:30:00Z,2,2,22
1,2,BOU,3,AVL,2,True,2022-08-06T14:00:00Z,2,0,22
1,5,LEE,11,WOL,20,True,2022-08-06T14:00:00Z,2,1,22
1,7,NEW,15,NFO,16,True,2022-08-06T14:00:00Z,2,0,22
1,8,TOT,18,SOU,17,True,2022-08-06T14:00:00Z,4,1,22
1,3,EVE,8,CHE,6,True,2022-08-06T16:30:00Z,0,1,22
1,6,LEI,10,BRE,4,True,2022-08-07T13:00:00Z,2,2,22
1,9,MUN,14,BHA,5,True,2022-08-07T13:00:00Z,1,2,22
1,10,WHU,19,MCI,13,True,2022-08-07T15:30:00Z,0,2,22
2,12,AVL,2,EVE,8,True,2022-08-13T11:30:00Z,2,1,22
2,11,ARS,1,LEI,10,True,2022-08-13T14:00:00Z,4,2,22
2,14,BHA,5,NEW,15,True,2022-08-13T14:00:00Z,0,0,22
2,17,MCI,13,BOU,3,True,2022-08-13T14:00:00Z,4,0,22
2,19,SOU,17,LEE,11,True,2022-08-13T14:00:00Z,2,2,22
2,20,WOL,20,FUL,9,True,2022-08-13T14:00:00Z,0,0,22
2,13,BRE,4,MUN,14,True,2022-08-13T16:30:00Z,4,0,22
2,18,NFO,16,WHU,19,True,2022-08-14T13:00:00Z,1,0,22
2,15,CHE,6,TOT,18,True,2022-08-14T15:30:00Z,2,2,22
2,16,LIV,12,CRY,7,True,2022-08-15T19:00:00Z,1,1,22
3,29,TOT,18,WOL,20,True,2022-08-20T11:30:00Z,1,0,22
3,22,CRY,7,AVL,2,True,2022-08-20T14:00:00Z,3,1,22
3,23,EVE,8,NFO,16,True,2022-08-20T14:00:00Z,1,1,22
3,24,FUL,9,BRE,4,True,2022-08-20T14:00:00Z,3,2,22
3,26,LEI,10,SOU,17,True,2022-08-20T14:00:00Z,1,2,22
3,21,BOU,3,ARS,1,True,2022-08-20T16:30:00Z,0,3,22
3,25,LEE,11,CHE,6,True,2022-08-21T13:00:00Z,3,0,22
3,30,WHU,19,BHA,5,True,2022-08-21T13:00:00Z,0,2,22
3,28,NEW,15,MCI,13,True,2022-08-21T15:30:00Z,3,3,22
3,27,MUN,14,LIV,12,True,2022-08-22T19:00:00Z,2,1,22
4,39,SOU,17,MUN,14,True,2022-08-27T11:30:00Z,0,1,22
4,33,BRE,4,EVE,8,True,2022-08-27T14:00:00Z,1,1,22
4,34,BHA,5,LEE,11,True,2022-08-27T14:00:00Z,1,0,22
4,35,CHE,6,LEI,10,True,2022-08-27T14:00:00Z,2,1,22
4,36,LIV,12,BOU,3,True,2022-08-27T14:00:00Z,9,0,22
4,37,MCI,13,CRY,7,True,2022-08-27T14:00:00Z,4,2,22
4,31,ARS,1,FUL,9,True,2022-08-27T16:30:00Z,2,1,22
4,32,AVL,2,WHU,19,True,2022-08-28T13:00:00Z,0,1,22
4,40,WOL,20,NEW,15,True,2022-08-28T13:00:00Z,1,1,22
4,38,NFO,16,TOT,18,True,2022-08-28T15:30:00Z,0,2,22
5,43,CRY,7,BRE,4,True,2022-08-30T18:30:00Z,1,1,22
5,44,FUL,9,BHA,5,True,2022-08-30T18:30:00Z,2,1,22
5,50,SOU,17,CHE,6,True,2022-08-30T18:45:00Z,2,1,22
5,45,LEE,11,EVE,8,True,2022-08-30T19:00:00Z,1,1,22
5,41,ARS,1,AVL,2,True,2022-08-31T18:30:00Z,2,1,22
5,42,BOU,3,WOL,20,True,2022-08-31T18:30:00Z,0,0,22
5,49,MCI,13,NFO,16,True,2022-08-31T18:30:00Z,6,0,22
5,47,WHU,19,TOT,18,True,2022-08-31T18:45:00Z,1,1,22
5,48,LIV,12,NEW,15,True,2022-08-31T19:00:00Z,2,1,22
5,46,LEI,10,MUN,14,True,2022-09-01T19:00:00Z,0,1,22
6,55,EVE,8,LIV,12,True,2022-09-03T11:30:00Z,0,0,22
6,52,BRE,4,LEE,11,True,2022-09-03T14:00:00Z,5,2,22
6,54,CHE,6,WHU,19,True,2022-09-03T14:00:00Z,2,1,22
6,57,NEW,15,CRY,7,True,2022-09-03T14:00:00Z,0,0,22
6,58,NFO,16,BOU,3,True,2022-09-03T14:00:00Z,2,3,22
6,59,TOT,18,FUL,9,True,2022-09-03T14:00:00Z,2,1,22
6,60,WOL,20,SOU,17,True,2022-09-03T14:00:00Z,1,0,22
6,51,AVL,2,MCI,13,True,2022-09-03T16:30:00Z,1,1,22
6,53,BHA,5,LEI,10,True,2022-09-04T13:00:00Z,5,2,22
6,56,MUN,14,ARS,1,True,2022-09-04T15:30:00Z,3,1,22
8,71,AVL,2,SOU,17,True,2022-09-16T19:00:00Z,1,0,22
8,78,NFO,16,FUL,9,True,2022-09-16T19:00:00Z,2,3,22
8,80,WOL,20,MCI,13,True,2022-09-17T11:30:00Z,0,3,22
8,77,NEW,15,BOU,3,True,2022-09-17T14:00:00Z,1,1,22
8,79,TOT,18,LEI,10,True,2022-09-17T16:30:00Z,6,2,22
8,72,BRE,4,ARS,1,True,2022-09-18T11:00:00Z,0,3,22
8,75,EVE,8,WHU,19,True,2022-09-18T13:15:00Z,1,0,22
9,81,ARS,1,TOT,18,True,2022-10-01T11:30:00Z,3,1,22
9,82,BOU,3,BRE,4,True,2022-10-01T14:00:00Z,0,0,22
9,83,CRY,7,CHE,6,True,2022-10-01T14:00:00Z,1,2,22
9,84,FUL,9,NEW,15,True,2022-10-01T14:00:00Z,1,4,22
9,87,LIV,12,BHA,5,True,2022-10-01T14:00:00Z,3,3,22
9,89,SOU,17,EVE,8,True,2022-10-01T14:00:00Z,1,2,22
9,90,WHU,19,WOL,20,True,2022-10-01T16:30:00Z,2,0,22
9,88,MCI,13,MUN,14,True,2022-10-02T13:00:00Z,6,3,22
9,85,LEE,11,AVL,2,True,2022-10-02T15:30:00Z,0,0,22
9,86,LEI,10,NFO,16,True,2022-10-03T19:00:00Z,4,0,22
10,92,BOU,3,LEI,10,True,2022-10-08T14:00:00Z,2,1,22
10,94,CHE,6,WOL,20,True,2022-10-08T14:00:00Z,3,0,22
10,97,MCI,13,SOU,17,True,2022-10-08T14:00:00Z,4,0,22
10,98,NEW,15,BRE,4,True,2022-10-08T14:00:00Z,5,1,22
10,93,BHA,5,TOT,18,True,2022-10-08T16:30:00Z,0,1,22
10,95,CRY,7,LEE,11,True,2022-10-09T13:00:00Z,2,1,22
10,100,WHU,19,FUL,9,True,2022-10-09T13:00:00Z,3,1,22
10,91,ARS,1,LIV,12,True,2022-10-09T15:30:00Z,3,2,22
10,96,EVE,8,MUN,14,True,2022-10-09T18:00:00Z,1,2,22
10,99,NFO,16,AVL,2,True,2022-10-10T19:00:00Z,1,1,22
11,102,BRE,4,BHA,5,True,2022-10-14T19:00:00Z,2,0,22
11,105,LEI,10,CRY,7,True,2022-10-15T11:30:00Z,0,0,22
11,103,FUL,9,BOU,3,True,2022-10-15T14:00:00Z,2,2,22
11,110,WOL,20,NFO,16,True,2022-10-15T14:00:00Z,1,0,22
11,109,TOT,18,EVE,8,True,2022-10-15T16:30:00Z,2,0,22
11,101,AVL,2,CHE,6,True,2022-10-16T13:00:00Z,0,2,22
11,104,LEE,11,ARS,1,True,2022-10-16T13:00:00Z,0,1,22
11,107,MUN,14,NEW,15,True,2022-10-16T13:00:00Z,0,0,22
11,108,SOU,17,WHU,19,True,2022-10-16T13:00:00Z,1,1,22
11,106,LIV,12,MCI,13,True,2022-10-16T15:30:00Z,1,0,22
12,114,BHA,5,NFO,16,True,2022-10-18T18:30:00Z,0,0,22
12,115,CRY,7,WOL,20,True,2022-10-18T19:15:00Z,2,1,22
12,112,BOU,3,SOU,17,True,2022-10-19T18:30:00Z,0,1,22
12,113,BRE,4,CHE,6,True,2022-10-19T18:30:00Z,0,0,22
12,118,LIV,12,WHU,19,True,2022-10-19T18:30:00Z,1,0,22
12,120,NEW,15,EVE,8,True,2022-10-19T18:30:00Z,1,0,22
12,119,MUN,14,TOT,18,True,2022-10-19T19:15:00Z,2,0,22
12,116,FUL,9,AVL,2,True,2022-10-20T18:30:00Z,3,0,22
12,117,LEI,10,LEE,11,True,2022-10-20T19:15:00Z,2,0,22
13,126,NFO,16,LIV,12,True,2022-10-22T11:30:00Z,1,0,22
13,123,EVE,8,CRY,7,True,2022-10-22T14:00:00Z,3,0,22
13,125,MCI,13,BHA,5,True,2022-10-22T14:00:00Z,3,1,22
13,122,CHE,6,MUN,14,True,2022-10-22T16:30:00Z,1,1,22
13,121,AVL,2,BRE,4,True,2022-10-23T13:00:00Z,4,0,22
13,124,LEE,11,FUL,9,True,2022-10-23T13:00:00Z,2,3,22
13,127,SOU,17,ARS,1,True,2022-10-23T13:00:00Z,1,1,22
13,130,WOL,20,LEI,10,True,2022-10-23T13:00:00Z,0,4,22
13,128,TOT,18,NEW,15,True,2022-10-23T15:30:00Z,1,2,22
13,129,WHU,19,BOU,3,True,2022-10-24T19:00:00Z,2,0,22
14,137,LEI,10,MCI,13,True,2022-10-29T11:30:00Z,0,1,22
14,132,BOU,3,TOT,18,True,2022-10-29T14:00:00Z,2,3,22
14,133,BRE,4,WOL,20,True,2022-10-29T14:00:00Z,1,1,22
14,134,BHA,5,CHE,6,True,2022-10-29T14:00:00Z,4,1,22
14,135,CRY,7,SOU,17,True,2022-10-29T14:00:00Z,1,0,22
14,140,NEW,15,AVL,2,True,2022-10-29T14:00:00Z,4,0,22
14,136,FUL,9,EVE,8,True,2022-10-29T16:30:00Z,0,0,22
14,138,LIV,12,LEE,11,True,2022-10-29T18:45:00Z,1,2,22
14,131,ARS,1,NFO,16,True,2022-10-30T14:00:00Z,5,0,22
14,139,MUN,14,WHU,19,True,2022-10-30T16:15:00Z,1,0,22
15,144,LEE,11,BOU,3,True,2022-11-05T15:00:00Z,4,3,22
15,145,MCI,13,FUL,9,True,2022-11-05T15:00:00Z,2,1,22
15,146,NFO,16,BRE,4,True,2022-11-05T15:00:00Z,2,2,22
15,150,WOL,20,BHA,5,True,2022-11-05T15:00:00Z,2,3,22
15,143,EVE,8,LEI,10,True,2022-11-05T17:30:00Z,0,2,22
15,142,CHE,6,ARS,1,True,2022-11-06T12:00:00Z,0,1,22
15,141,AVL,2,MUN,14,True,2022-11-06T14:00:00Z,3,1,22
15,147,SOU,17,NEW,15,True,2022-11-06T14:00:00Z,1,4,22
15,149,WHU,19,CRY,7,True,2022-11-06T14:00:00Z,1,2,22
15,148,TOT,18,LIV,12,True,2022-11-06T16:30:00Z,1,2,22
16,155,MCI,13,BRE,4,True,2022-11-12T12:30:00Z,1,2,22
16,151,BOU,3,EVE,8,True,2022-11-12T15:00:00Z,3,0,22
16,154,LIV,12,SOU,17,True,2022-11-12T15:00:00Z,3,1,22
16,157,NFO,16,CRY,7,True,2022-11-12T15:00:00Z,1,0,22
16,158,TOT,18,LEE,11,True,2022-11-12T15:00:00Z,4,3,22
16,159,WHU,19,LEI,10,True,2022-11-12T15:00:00Z,0,2,22
16,156,NEW,15,CHE,6,True,2022-11-12T17:30:00Z,1,0,22
16,160,WOL,20,ARS,1,True,2022-11-12T19:45:00Z,0,2,22
16,152,BHA,5,AVL,2,True,2022-11-13T14:00:00Z,1,2,22
16,153,FUL,9,MUN,14,True,2022-11-13T16:30:00Z,1,2,22
17,163,BRE,4,TOT,18,True,2022-12-26T12:30:00Z,2,2,22
17,165,CRY,7,FUL,9,True,2022-12-26T15:00:00Z,0,3,22
17,166,EVE,8,WOL,20,True,2022-12-26T15:00:00Z,1,2,22
17,168,LEI,10,NEW,15,True,2022-12-26T15:00:00Z,0,3,22
17,170,SOU,17,BHA,5,True,2022-12-26T15:00:00Z,1,3,22
17,162,AVL,2,LIV,12,True,2022-12-26T17:30:00Z,1,3,22
17,161,ARS,1,WHU,19,True,2022-12-26T20:00:00Z,3,1,22
17,164,CHE,6,BOU,3,True,2022-12-27T17:30:00Z,2,0,22
17,169,MUN,14,NFO,16,True,2022-12-27T20:00:00Z,3,0,22
17,167,LEE,11,MCI,13,True,2022-12-28T20:00:00Z,1,3,22
18,179,WHU,19,BRE,4,True,2022-12-30T19:45:00Z,0,2,22
18,174,LIV,12,LEI,10,True,2022-12-30T20:00:00Z,2,1,22
18,180,WOL,20,MUN,14,True,2022-12-31T12:30:00Z,0,1,22
18,171,BOU,3,CRY,7,True,2022-12-31T15:00:00Z,0,2,22
18,173,FUL,9,SOU,17,True,2022-12-31T15:00:00Z,2,1,22
18,175,MCI,13,EVE,8,True,2022-12-31T15:00:00Z,1,1,22
18,176,NEW,15,LEE,11,True,2022-12-31T15:00:00Z,0,0,22
18,172,BHA,5,ARS,1,True,2022-12-31T17:30:00Z,2,4,22
18,178,TOT,18,AVL,2,True,2023-01-01T14:00:00Z,0,2,22
18,177,NFO,16,CHE,6,True,2023-01-01T16:30:00Z,1,1,22
19,183,BRE,4,LIV,12,True,2023-01-02T17:30:00Z,3,1,22
19,181,ARS,1,NEW,15,True,2023-01-03T19:45:00Z,0,0,22
19,186,EVE,8,BHA,5,True,2023-01-03T19:45:00Z,1,4,22
19,188,LEI,10,FUL,9,True,2023-01-03T19:45:00Z,0,1,22
19,189,MUN,14,BOU,3,True,2023-01-03T20:00:00Z,3,0,22
19,190,SOU,17,NFO,16,True,2023-01-04T19:30:00Z,0,1,22
19,187,LEE,11,WHU,19,True,2023-01-04T19:45:00Z,2,2,22
19,182,AVL,2,WOL,20,True,2023-01-04T20:00:00Z,1,1,22
19,185,CRY,7,TOT,18,True,2023-01-04T20:00:00Z,0,4,22
19,184,CHE,6,MCI,13,True,2023-01-05T20:00:00Z,0,1,22
19,64,FUL,9,CHE,6,True,2023-01-12T20:00:00Z,2,1,22
20,191,AVL,2,LEE,11,True,2023-01-13T20:00:00Z,2,1,22
20,196,MUN,14,MCI,13,True,2023-01-14T12:30:00Z,2,1,22
20,193,BHA,5,LIV,12,True,2023-01-14T15:00:00Z,3,0,22
20,195,EVE,8,SOU,17,True,2023-01-14T15:00:00Z,1,2,22
20,198,NFO,16,LEI,10,True,2023-01-14T15:00:00Z,2,0,22
20,200,WOL,20,WHU,19,True,2023-01-14T15:00:00Z,1,0,22
20,192,BRE,4,BOU,3,True,2023-01-14T17:30:00Z,2,0,22
20,194,CHE,6,CRY,7,True,2023-01-15T14:00:00Z,1,0,22
20,197,NEW,15,FUL,9,True,2023-01-15T14:00:00Z,1,0,22
20,199,TOT,18,ARS,1,True,2023-01-15T16:30:00Z,0,2,22
20,63,CRY,7,MUN,14,True,2023-01-18T20:00:00Z,1,1,22
20,68,MCI,13,TOT,18,True,2023-01-19T20:00:00Z,4,2,22
21,207,LIV,12,CHE,6,True,2023-01-21T12:30:00Z,0,0,22
21,202,BOU,3,NFO,16,True,2023-01-21T15:00:00Z,1,1,22
21,206,LEI,10,BHA,5,True,2023-01-21T15:00:00Z,2,2,22
21,209,SOU,17,AVL,2,True,2023-01-21T15:00:00Z,0,1,22
21,210,WHU,19,EVE,8,True,2023-01-21T15:00:00Z,2,0,22
21,203,CRY,7,NEW,15,True,2023-01-21T17:30:00Z,0,0,22
21,205,LEE,11,BRE,4,True,2023-01-22T14:00:00Z,0,0,22
21,208,MCI,13,WOL,20,True,2023-01-22T14:00:00Z,3,0,22
21,201,ARS,1,MUN,14,True,2023-01-22T16:30:00Z,3,2,22
21,204,FUL,9,TOT,18,True,2023-01-23T20:15:00Z,0,1,22
22,214,CHE,6,FUL,9,True,2023-02-03T20:00:00Z,0,0,22
22,215,EVE,8,ARS,1,True,2023-02-04T12:30:00Z,1,0,22
22,211,AVL,2,LEI,10,True,2023-02-04T15:00:00Z,2,4,22
22,212,BRE,4,SOU,17,True,2023-02-04T15:00:00Z,3,0,22
22,213,BHA,5,BOU,3,True,2023-02-04T15:00:00Z,1,0,22
22,216,MUN,14,CRY,7,True,2023-02-04T15:00:00Z,2,1,22
22,220,WOL,20,LIV,12,True,2023-02-04T15:00:00Z,3,0,22
22,217,NEW,15,WHU,19,True,2023-02-04T17:30:00Z,1,1,22
22,218,NFO,16,LEE,11,True,2023-02-05T14:00:00Z,1,0,22
22,219,TOT,18,MCI,13,True,2023-02-05T16:30:00Z,1,0,22
22,76,MUN,14,LEE,11,True,2023-02-08T20:00:00Z,2,2,22
23,230,WHU,19,CHE,6,True,2023-02-11T12:30:00Z,1,1,22
23,221,ARS,1,BRE,4,True,2023-02-11T15:00:00Z,1,1,22
23,223,CRY,7,BHA,5,True,2023-02-11T15:00:00Z,1,1,22
23,224,FUL,9,NFO,16,True,2023-02-11T15:00:00Z,2,0,22
23,226,LEI,10,TOT,18,True,2023-02-11T15:00:00Z,4,1,22
23,229,SOU,17,WOL,20,True,2023-02-11T15:00:00Z,1,2,22
23,222,BOU,3,NEW,15,True,2023-02-11T17:30:00Z,1,1,22
23,225,LEE,11,MUN,14,True,2023-02-12T14:00:00Z,0,2,22
23,228,MCI,13,AVL,2,True,2023-02-12T16:30:00Z,3,1,22
23,227,LIV,12,EVE,8,True,2023-02-13T20:00:00Z,2,0,22
23,111,ARS,1,MCI,13,True,2023-02-15T19:30:00Z,1,3,22
24,231,AVL,2,ARS,1,True,2023-02-18T12:30:00Z,2,4,22
24,232,BRE,4,CRY,7,True,2023-02-18T15:00:00Z,1,1,22
24,233,BHA,5,FUL,9,True,2023-02-18T15:00:00Z,0,1,22
24,234,CHE,6,SOU,17,True,2023-02-18T15:00:00Z,0,1,22
24,235,EVE,8,LEE,11,True,2023-02-18T15:00:00Z,1,0,22
24,238,NFO,16,MCI,13,True,2023-02-18T15:00:00Z,1,1,22
24,240,WOL,20,BOU,3,True,2023-02-18T15:00:00Z,0,1,22
24,237,NEW,15,LIV,12,True,2023-02-18T17:30:00Z,0,2,22
24,236,MUN,14,LEI,10,True,2023-02-19T14:00:00Z,3,0,22
24,239,TOT,18,WHU,19,True,2023-02-19T16:30:00Z,2,0,22
25,244,FUL,9,WOL,20,True,2023-02-24T20:00:00Z,1,1,22
25,243,EVE,8,AVL,2,True,2023-02-25T15:00:00Z,0,2,22
25,245,LEE,11,SOU,17,True,2023-02-25T15:00:00Z,1,0,22
25,246,LEI,10,ARS,1,True,2023-02-25T15:00:00Z,0,1,22
25,250,WHU,19,NFO,16,True,2023-02-25T15:00:00Z,4,0,22
25,241,BOU,3,MCI,13,True,2023-02-25T17:30:00Z,1,4,22
25,242,CRY,7,LIV,12,True,2023-02-25T19:45:00Z,0,0,22
25,249,TOT,18,CHE,6,True,2023-02-26T13:30:00Z,2,0,22
25,61,ARS,1,EVE,8,True,2023-03-01T19:45:00Z,4,0,22
25,67,LIV,12,WOL,20,True,2023-03-01T20:00:00Z,2,0,22
26,257,MCI,13,NEW,15,True,2023-03-04T12:30:00Z,2,0,22
26,251,ARS,1,BOU,3,True,2023-03-04T15:00:00Z,3,2,22
26,252,AVL,2,CRY,7,True,2023-03-04T15:00:00Z,1,0,22
26,254,BHA,5,WHU,19,True,2023-03-04T15:00:00Z,4,0,22
26,255,CHE,6,LEE,11,True,2023-03-04T15:00:00Z,1,0,22
26,260,WOL,20,TOT,18,True,2023-03-04T15:00:00Z,1,0,22
26,259,SOU,17,LEI,10,True,2023-03-04T17:30:00Z,1,0,22
26,258,NFO,16,EVE,8,True,2023-03-05T14:00:00Z,2,2,22
26,256,LIV,12,MUN,14,True,2023-03-05T16:30:00Z,7,0,22
26,253,BRE,4,FUL,9,True,2023-03-06T20:00:00Z,3,2,22
27,261,BOU,3,LIV,12,True,2023-03-11T12:30:00Z,1,0,22
27,263,EVE,8,BRE,4,True,2023-03-11T15:00:00Z,1,0,22
27,265,LEE,11,BHA,5,True,2023-03-11T15:00:00Z,2,2,22
27,266,LEI,10,CHE,6,True,2023-03-11T15:00:00Z,1,3,22
27,269,TOT,18,NFO,16,True,2023-03-11T15:00:00Z,3,1,22
27,262,CRY,7,MCI,13,True,2023-03-11T17:30:00Z,0,1,22
27,264,FUL,9,ARS,1,True,2023-03-12T14:00:00Z,0,3,22
27,267,MUN,14,SOU,17,True,2023-03-12T14:00:00Z,0,0,22
27,270,WHU,19,AVL,2,True,2023-03-12T14:00:00Z,1,1,22
27,268,NEW,15,WOL,20,True,2023-03-12T16:30:00Z,2,1,22
27,73,BHA,5,CRY,7,True,2023-03-15T19:30:00Z,1,0,22
27,69,SOU,17,BRE,4,True,2023-03-15T19:30:00Z,0,2,22
28,278,NFO,16,NEW,15,True,2023-03-17T20:00:00Z,1,2,22
28,272,AVL,2,BOU,3,True,2023-03-18T15:00:00Z,3,0,22
28,273,BRE,4,LEI,10,True,2023-03-18T15:00:00Z,1,1,22
28,279,SOU,17,TOT,18,True,2023-03-18T15:00:00Z,3,3,22
28,280,WOL,20,LEE,11,True,2023-03-18T15:00:00Z,2,4,22
28,275,CHE,6,EVE,8,True,2023-03-18T17:30:00Z,2,2,22
28,271,ARS,1,CRY,7,True,2023-03-19T14:00:00Z,4,1,22
29,287,MCI,13,LIV,12,True,2023-04-01T11:30:00Z,4,1,22
29,281,ARS,1,LEE,11,True,2023-04-01T14:00:00Z,4,1,22
29,282,BOU,3,FUL,9,True,2023-04-01T14:00:00Z,2,1,22
29,283,BHA,5,BRE,4,True,2023-04-01T14:00:00Z,3,3,22
29,285,CRY,7,LEI,10,True,2023-04-01T14:00:00Z,2,1,22
29,289,NFO,16,WOL,20,True,2023-04-01T14:00:00Z,1,1,22
29,284,CHE,6,AVL,2,True,2023-04-01T16:30:00Z,0,2,22
29,290,WHU,19,SOU,17,True,2023-04-02T13:00:00Z,1,0,22
29,288,NEW,15,MUN,14,True,2023-04-02T15:30:00Z,2,0,22
29,286,EVE,8,TOT,18,True,2023-04-03T19:00:00Z,1,1,22
29,62,BOU,3,BHA,5,True,2023-04-04T18:45:00Z,0,2,22
29,65,LEE,11,NFO,16,True,2023-04-04T18:45:00Z,2,1,22
29,66,LEI,10,AVL,2,True,2023-04-04T18:45:00Z,1,2,22
29,74,CHE,6,LIV,12,True,2023-04-04T19:00:00Z,0,0,22
29,247,MUN,14,BRE,4,True,2023-04-05T19:00:00Z,1,0,22
29,70,WHU,19,NEW,15,True,2023-04-05T19:00:00Z,1,5,22
30,297,MUN,14,EVE,8,True,2023-04-08T11:30:00Z,2,0,22
30,291,AVL,2,NFO,16,True,2023-04-08T14:00:00Z,2,0,22
30,292,BRE,4,NEW,15,True,2023-04-08T14:00:00Z,1,2,22
30,293,FUL,9,WHU,19,True,2023-04-08T14:00:00Z,0,1,22
30,295,LEI,10,BOU,3,True,2023-04-08T14:00:00Z,0,1,22
30,299,TOT,18,BHA,5,True,2023-04-08T14:00:00Z,2,1,22
30,300,WOL,20,CHE,6,True,2023-04-08T14:00:00Z,1,0,22
30,298,SOU,17,MCI,13,True,2023-04-08T16:30:00Z,1,4,22
30,294,LEE,11,CRY,7,True,2023-04-09T13:00:00Z,1,5,22
30,296,LIV,12,ARS,1,True,2023-04-09T15:30:00Z,2,2,22
31,301,AVL,2,NEW,15,True,2023-04-15T11:30:00Z,3,0,22
31,302,CHE,6,BHA,5,True,2023-04-15T14:00:00Z,1,2,22
31,303,EVE,8,FUL,9,True,2023-04-15T14:00:00Z,1,3,22
31,307,SOU,17,CRY,7,True,2023-04-15T14:00:00Z,0,2,22
31,310,WOL,20,BRE,4,True,2023-04-15T14:00:00Z,2,0,22
31,308,TOT,18,BOU,3,True,2023-04-15T14:15:00Z,2,3,22
31,305,MCI,13,LEI,10,True,2023-04-15T16:30:00Z,3,1,22
31,309,WHU,19,ARS,1,True,2023-04-16T13:00:00Z,2,2,22
31,306,NFO,16,MUN,14,True,2023-04-16T15:30:00Z,0,2,22
31,304,LEE,11,LIV,12,True,2023-04-17T19:00:00Z,1,6,22
32,311,ARS,1,SOU,17,True,2023-04-21T19:00:00Z,3,3,22
32,316,FUL,9,LEE,11,True,2023-04-22T11:30:00Z,2,1,22
32,313,BRE,4,AVL,2,True,2023-04-22T14:00:00Z,1,1,22
32,315,CRY,7,EVE,8,True,2023-04-22T14:00:00Z,0,0,22
32,317,LEI,10,WOL,20,True,2023-04-22T14:00:00Z,2,1,22
32,318,LIV,12,NFO,16,True,2023-04-22T14:00:00Z,3,2,22
32,312,BOU,3,WHU,19,True,2023-04-23T13:00:00Z,0,4,22
32,320,NEW,15,TOT,18,True,2023-04-23T13:00:00Z,6,1,22
33,327,WOL,20,CRY,7,True,2023-04-25T18:30:00Z,2,0,22
33,321,AVL,2,FUL,9,True,2023-04-25T18:45:00Z,1,0,22
33,323,LEE,11,LEI,10,True,2023-04-25T19:00:00Z,1,1,22
33,324,NFO,16,BHA,5,True,2023-04-26T18:30:00Z,3,1,22
33,328,CHE,6,BRE,4,True,2023-04-26T18:45:00Z,0,2,22
33,326,WHU,19,LIV,12,True,2023-04-26T18:45:00Z,1,2,22
33,329,MCI,13,ARS,1,True,2023-04-26T19:00:00Z,4,1,22
33,322,EVE,8,NEW,15,True,2023-04-27T18:45:00Z,1,4,22
33,330,SOU,17,BOU,3,True,2023-04-27T18:45:00Z,0,1,22
33,325,TOT,18,MUN,14,True,2023-04-27T19:15:00Z,2,2,22
34,335,CRY,7,WHU,19,True,2023-04-29T11:30:00Z,4,3,22
34,333,BRE,4,NFO,16,True,2023-04-29T14:00:00Z,2,1,22
34,334,BHA,5,WOL,20,True,2023-04-29T14:00:00Z,6,0,22
34,332,BOU,3,LEE,11,True,2023-04-30T13:00:00Z,4,1,22
34,336,FUL,9,MCI,13,True,2023-04-30T13:00:00Z,1,2,22
34,339,MUN,14,AVL,2,True,2023-04-30T13:00:00Z,1,0,22
34,340,NEW,15,SOU,17,True,2023-04-30T13:00:00Z,3,1,22
34,338,LIV,12,TOT,18,True,2023-04-30T15:30:00Z,4,3,22
34,337,LEI,10,EVE,8,True,2023-05-01T19:00:00Z,2,2,22
34,331,ARS,1,CHE,6,True,2023-05-02T19:00:00Z,3,1,22
34,276,LIV,12,FUL,9,True,2023-05-03T19:00:00Z,1,0,22
34,277,MCI,13,WHU,19,True,2023-05-03T19:00:00Z,3,0,22
34,274,BHA,5,MUN,14,True,2023-05-04T19:00:00Z,1,0,22
35,341,BOU,3,CHE,6,True,2023-05-06T14:00:00Z,1,3,22
35,345,MCI,13,LEE,11,True,2023-05-06T14:00:00Z,2,1,22
35,348,TOT,18,CRY,7,True,2023-05-06T14:00:00Z,1,0,22
35,350,WOL,20,AVL,2,True,2023-05-06T14:00:00Z,1,0,22
35,344,LIV,12,BRE,4,True,2023-05-06T16:30:00Z,1,0,22
35,346,NEW,15,ARS,1,True,2023-05-07T15:30:00Z,0,2,22
35,349,WHU,19,MUN,14,True,2023-05-07T18:00:00Z,1,0,22
35,343,FUL,9,LEI,10,True,2023-05-08T14:00:00Z,5,3,22
35,342,BHA,5,EVE,8,True,2023-05-08T16:30:00Z,1,5,22
35,347,NFO,16,SOU,17,True,2023-05-08T19:00:00Z,4,3,22
36,357,LEE,11,NEW,15,True,2023-05-13T11:30:00Z,2,2,22
36,352,AVL,2,TOT,18,True,2023-05-13T14:00:00Z,2,1,22
36,354,CHE,6,NFO,16,True,2023-05-13T14:00:00Z,2,2,22
36,355,CRY,7,BOU,3,True,2023-05-13T14:00:00Z,2,0,22
36,359,MUN,14,WOL,20,True,2023-05-13T14:00:00Z,2,0,22
36,360,SOU,17,FUL,9,True,2023-05-13T14:00:00Z,0,2,22
36,353,BRE,4,WHU,19,True,2023-05-14T13:00:00Z,2,0,22
36,356,EVE,8,MCI,13,True,2023-05-14T13:00:00Z,0,3,22
36,351,ARS,1,BHA,5,True,2023-05-14T15:30:00Z,0,3,22
36,358,LEI,10,LIV,12,True,2023-05-15T19:00:00Z,0,3,22
36,248,NEW,15,BHA,5,True,2023-05-18T18:30:00Z,4,1,22
37,368,TOT,18,BRE,4,True,2023-05-20T11:30:00Z,1,3,22
37,361,BOU,3,MUN,14,True,2023-05-20T14:00:00Z,0,1,22
37,363,FUL,9,CRY,7,True,2023-05-20T14:00:00Z,2,2,22
37,364,LIV,12,AVL,2,True,2023-05-20T14:00:00Z,1,1,22
37,370,WOL,20,EVE,8,True,2023-05-20T14:00:00Z,1,1,22
37,367,NFO,16,ARS,1,True,2023-05-20T16:30:00Z,1,0,22
37,369,WHU,19,LEE,11,True,2023-05-21T12:30:00Z,3,1,22
37,362,BHA,5,SOU,17,True,2023-05-21T13:00:00Z,3,1,22
37,365,MCI,13,CHE,6,True,2023-05-21T15:00:00Z,1,0,22
37,366,NEW,15,LEI,10,True,2023-05-22T19:00:00Z,0,0,22
37,314,BHA,5,MCI,13,True,2023-05-24T19:00:00Z,1,1,22
37,319,MUN,14,CHE,6,True,2023-05-25T19:00:00Z,4,1,22
38,371,ARS,1,WOL,20,True,2023-05-28T15:30:00Z,5,0,22
38,372,AVL,2,BHA,5,True,2023-05-28T15:30:00Z,2,1,22
38,373,BRE,4,MCI,13,True,2023-05-28T15:30:00Z,1,0,22
38,374,CHE,6,NEW,15,True,2023-05-28T15:30:00Z,1,1,22
38,375,CRY,7,NFO,16,True,2023-05-28T15:30:00Z,1,1,22
38,376,EVE,8,BOU,3,True,2023-05-28T15:30:00Z,1,0,22
38,377,LEE,11,TOT,18,True,2023-05-28T15:30:00Z,1,4,22
38,378,LEI,10,WHU,19,True,2023-05-28T15:30:00Z,2,1,22
38,379,MUN,14,FUL,9,True,2023-05-28T15:30:00Z,2,1,22
38,380,SOU,17,LIV,12,True,2023-05-28T15:30:00Z,4,4,22
1,1,LIV,10,NOR,14,True,2019-08-09T19:00:00Z,4,1,19
1,8,WHU,19,MCI,11,True,2019-08-10T11:30:00Z,0,5,19
1,2,BOU,3,SHU,15,True,2019-08-10T14:00:00Z,1,1,19
1,3,BUR,5,SOU,16,True,2019-08-10T14:00:00Z,3,0,19
1,4,CRY,7,EVE,8,True,2019-08-10T14:00:00Z,0,0,19
1,7,WAT,18,BHA,4,True,2019-08-10T14:00:00Z,0,3,19
1,6,TOT,17,AVL,2,True,2019-08-10T16:30:00Z,3,1,19
1,5,LEI,9,WOL,20,True,2019-08-11T13:00:00Z,0,0,19
1,10,NEW,13,ARS,1,True,2019-08-11T13:00:00Z,0,1,19
1,9,MUN,12,CHE,6,True,2019-08-11T15:30:00Z,4,0,19
2,11,ARS,1,BUR,5,True,2019-08-17T11:30:00Z,2,1,19
2,12,AVL,2,BOU,3,True,2019-08-17T14:00:00Z,1,2,19
2,13,BHA,4,WHU,19,True,2019-08-17T14:00:00Z,1,1,19
2,15,EVE,8,WAT,18,True,2019-08-17T14:00:00Z,1,0,19
2,17,NOR,14,NEW,13,True,2019-08-17T14:00:00Z,3,1,19
2,19,SOU,16,LIV,10,True,2019-08-17T14:00:00Z,1,2,19
2,16,MCI,11,TOT,17,True,2019-08-17T16:30:00Z,2,2,19
2,18,SHU,15,CRY,7,True,2019-08-18T13:00:00Z,1,0,19
2,14,CHE,6,LEI,9,True,2019-08-18T15:30:00Z,1,1,19
2,20,WOL,20,MUN,12,True,2019-08-19T19:00:00Z,1,1,19
3,21,AVL,2,EVE,8,True,2019-08-23T19:00:00Z,2,0,19
3,26,NOR,14,CHE,6,True,2019-08-24T11:30:00Z,2,3,19
3,23,BHA,4,SOU,16,True,2019-08-24T14:00:00Z,0,2,19
3,25,MUN,12,CRY,7,True,2019-08-24T14:00:00Z,1,2,19
3,27,SHU,15,LEI,9,True,2019-08-24T14:00:00Z,1,2,19
3,29,WAT,18,WHU,19,True,2019-08-24T14:00:00Z,1,3,19
3,24,LIV,10,ARS,1,True,2019-08-24T16:30:00Z,3,1,19
3,22,BOU,3,MCI,11,True,2019-08-25T13:00:00Z,1,3,19
3,28,TOT,17,NEW,13,True,2019-08-25T15:30:00Z,0,1,19
3,30,WOL,20,BUR,5,True,2019-08-25T15:30:00Z,1,1,19
4,39,SOU,16,MUN,12,True,2019-08-31T11:30:00Z,1,1,19
4,33,CHE,6,SHU,15,True,2019-08-31T14:00:00Z,2,2,19
4,34,CRY,7,AVL,2,True,2019-08-31T14:00:00Z,1,0,19
4,36,LEI,9,BOU,3,True,2019-08-31T14:00:00Z,3,1,19
4,37,MCI,11,BHA,4,True,2019-08-31T14:00:00Z,4,0,19
4,38,NEW,13,WAT,18,True,2019-08-31T14:00:00Z,1,1,19
4,40,WHU,19,NOR,14,True,2019-08-31T14:00:00Z,2,0,19
4,32,BUR,5,LIV,10,True,2019-08-31T16:30:00Z,0,3,19
4,35,EVE,8,WOL,20,True,2019-09-01T13:00:00Z,3,2,19
4,31,ARS,1,TOT,17,True,2019-09-01T15:30:00Z,2,2,19
5,44,LIV,10,NEW,13,True,2019-09-14T11:30:00Z,3,1,19
5,43,BHA,4,BUR,5,True,2019-09-14T14:00:00Z,1,1,19
5,45,MUN,12,LEI,9,True,2019-09-14T14:00:00Z,1,0,19
5,47,SHU,15,SOU,16,True,2019-09-14T14:00:00Z,0,1,19
5,48,TOT,17,CRY,7,True,2019-09-14T14:00:00Z,4,0,19
5,50,WOL,20,CHE,6,True,2019-09-14T14:00:00Z,2,5,19
5,46,NOR,14,MCI,11,True,2019-09-14T16:30:00Z,3,2,19
5,42,BOU,3,EVE,8,True,2019-09-15T13:00:00Z,3,1,19
5,49,WAT,18,ARS,1,True,2019-09-15T15:30:00Z,2,2,19
5,41,AVL,2,WHU,19,True,2019-09-16T19:00:00Z,0,0,19
6,59,SOU,16,BOU,3,True,2019-09-20T19:00:00Z,1,3,19
6,56,LEI,9,TOT,17,True,2019-09-21T11:30:00Z,2,1,19
6,52,BUR,5,NOR,14,True,2019-09-21T14:00:00Z,2,0,19
6,55,EVE,8,SHU,15,True,2019-09-21T14:00:00Z,0,2,19
6,57,MCI,11,WAT,18,True,2019-09-21T14:00:00Z,8,0,19
6,58,NEW,13,BHA,4,True,2019-09-21T16:30:00Z,0,0,19
6,54,CRY,7,WOL,20,True,2019-09-22T13:00:00Z,1,1,19
6,60,WHU,19,MUN,12,True,2019-09-22T13:00:00Z,2,0,19
6,51,ARS,1,AVL,2,True,2019-09-22T15:30:00Z,3,2,19
6,53,CHE,6,LIV,10,True,2019-09-22T15:30:00Z,1,2,19
7,68,SHU,15,LIV,10,True,2019-09-28T11:30:00Z,0,1,19
7,61,AVL,2,BUR,5,True,2019-09-28T14:00:00Z,2,2,19
7,62,BOU,3,WHU,19,True,2019-09-28T14:00:00Z,2,2,19
7,63,CHE,6,BHA,4,True,2019-09-28T14:00:00Z,2,0,19
7,64,CRY,7,NOR,14,True,2019-09-28T14:00:00Z,2,0,19
7,69,TOT,17,SOU,16,True,2019-09-28T14:00:00Z,2,1,19
7,70,WOL,20,WAT,18,True,2019-09-28T14:00:00Z,2,0,19
7,65,EVE,8,MCI,11,True,2019-09-28T16:30:00Z,1,3,19
7,66,LEI,9,NEW,13,True,2019-09-29T15:30:00Z,5,0,19
7,67,MUN,12,ARS,1,True,2019-09-30T19:00:00Z,1,1,19
8,72,BHA,4,TOT,17,True,2019-10-05T11:30:00Z,3,0,19
8,73,BUR,5,EVE,8,True,2019-10-05T14:00:00Z,1,0,19
8,74,LIV,10,LEI,9,True,2019-10-05T14:00:00Z,2,1,19
8,77,NOR,14,AVL,2,True,2019-10-05T14:00:00Z,1,5,19
8,79,WAT,18,SHU,15,True,2019-10-05T14:00:00Z,0,0,19
8,80,WHU,19,CRY,7,True,2019-10-05T16:30:00Z,1,2,19
8,71,ARS,1,BOU,3,True,2019-10-06T13:00:00Z,1,0,19
8,75,MCI,11,WOL,20,True,2019-10-06T13:00:00Z,0,2,19
8,78,SOU,16,CHE,6,True,2019-10-06T13:00:00Z,1,4,19
8,76,NEW,13,MUN,12,True,2019-10-06T15:30:00Z,1,0,19
9,85,EVE,8,WHU,19,True,2019-10-19T11:30:00Z,2,0,19
9,81,AVL,2,BHA,4,True,2019-10-19T14:00:00Z,2,1,19
9,82,BOU,3,NOR,14,True,2019-10-19T14:00:00Z,0,0,19
9,83,CHE,6,NEW,13,True,2019-10-19T14:00:00Z,1,0,19
9,86,LEI,9,BUR,5,True,2019-10-19T14:00:00Z,2,1,19
9,89,TOT,17,WAT,18,True,2019-10-19T14:00:00Z,1,1,19
9,90,WOL,20,SOU,16,True,2019-10-19T14:00:00Z,1,1,19
9,84,CRY,7,MCI,11,True,2019-10-19T16:30:00Z,0,2,19
9,87,MUN,12,LIV,10,True,2019-10-20T15:30:00Z,1,1,19
9,88,SHU,15,ARS,1,True,2019-10-21T19:00:00Z,1,0,19
10,98,SOU,16,LEI,9,True,2019-10-25T19:00:00Z,0,9,19
10,95,MCI,11,AVL,2,True,2019-10-26T11:30:00Z,3,0,19
10,92,BHA,4,EVE,8,True,2019-10-26T14:00:00Z,3,2,19
10,99,WAT,18,BOU,3,True,2019-10-26T14:00:00Z,0,0,19
10,100,WHU,19,SHU,15,True,2019-10-26T14:00:00Z,1,1,19
10,93,BUR,5,CHE,6,True,2019-10-26T16:30:00Z,2,4,19
10,96,NEW,13,WOL,20,True,2019-10-27T14:00:00Z,1,1,19
10,91,ARS,1,CRY,7,True,2019-10-27T16:30:00Z,2,2,19
10,94,LIV,10,TOT,17,True,2019-10-27T16:30:00Z,2,1,19
10,97,NOR,14,MUN,12,True,2019-10-27T16:30:00Z,1,3,19
11,103,BOU,3,MUN,12,True,2019-11-02T12:30:00Z,1,0,19
11,101,ARS,1,WOL,20,True,2019-11-02T15:00:00Z,1,1,19
11,102,AVL,2,LIV,10,True,2019-11-02T15:00:00Z,1,2,19
11,104,BHA,4,NOR,14,True,2019-11-02T15:00:00Z,2,0,19
11,107,MCI,11,SOU,16,True,2019-11-02T15:00:00Z,2,1,19
11,108,SHU,15,BUR,5,True,2019-11-02T15:00:00Z,3,0,19
11,110,WHU,19,NEW,13,True,2019-11-02T15:00:00Z,2,3,19
11,109,WAT,18,CHE,6,True,2019-11-02T17:30:00Z,1,2,19
11,105,CRY,7,LEI,9,True,2019-11-03T14:00:00Z,0,2,19
11,106,EVE,8,TOT,17,True,2019-11-03T16:30:00Z,1,1,19
12,117,NOR,14,WAT,18,True,2019-11-08T20:00:00Z,0,2,19
12,112,CHE,6,CRY,7,True,2019-11-09T12:30:00Z,2,0,19
12,111,BUR,5,WHU,19,True,2019-11-09T15:00:00Z,3,0,19
12,116,NEW,13,BOU,3,True,2019-11-09T15:00:00Z,2,1,19
12,118,SOU,16,EVE,8,True,2019-11-09T15:00:00Z,1,2,19
12,119,TOT,17,SHU,15,True,2019-11-09T15:00:00Z,1,1,19
12,113,LEI,9,ARS,1,True,2019-11-09T17:30:00Z,2,0,19
12,115,MUN,12,BHA,4,True,2019-11-10T14:00:00Z,3,1,19
12,120,WOL,20,AVL,2,True,2019-11-10T14:00:00Z,2,1,19
12,114,LIV,10,MCI,11,True,2019-11-10T16:30:00Z,3,1,19
13,130,WHU,19,TOT,17,True,2019-11-23T12:30:00Z,2,3,19
13,121,ARS,1,SOU,16,True,2019-11-23T15:00:00Z,2,2,19
13,123,BOU,3,WOL,20,True,2019-11-23T15:00:00Z,1,2,19
13,124,BHA,4,LEI,9,True,2019-11-23T15:00:00Z,0,2,19
13,125,CRY,7,LIV,10,True,2019-11-23T15:00:00Z,1,2,19
13,126,EVE,8,NOR,14,True,2019-11-23T15:00:00Z,0,2,19
13,129,WAT,18,BUR,5,True,2019-11-23T15:00:00Z,0,3,19
13,127,MCI,11,CHE,6,True,2019-11-23T17:30:00Z,2,1,19
13,128,SHU,15,MUN,12,True,2019-11-24T16:30:00Z,3,3,19
13,122,AVL,2,NEW,13,True,2019-11-25T20:00:00Z,2,0,19
14,136,NEW,13,MCI,11,True,2019-11-30T12:30:00Z,2,2,19
14,131,BUR,5,CRY,7,True,2019-11-30T15:00:00Z,0,2,19
14,132,CHE,6,WHU,19,True,2019-11-30T15:00:00Z,0,1,19
14,134,LIV,10,BHA,4,True,2019-11-30T15:00:00Z,2,1,19
14,139,TOT,17,BOU,3,True,2019-11-30T15:00:00Z,3,2,19
14,138,SOU,16,WAT,18,True,2019-11-30T17:30:00Z,2,1,19
14,137,NOR,14,ARS,1,True,2019-12-01T14:00:00Z,2,2,19
14,140,WOL,20,SHU,15,True,2019-12-01T14:00:00Z,1,1,19
14,133,LEI,9,EVE,8,True,2019-12-01T16:30:00Z,2,1,19
14,135,MUN,12,AVL,2,True,2019-12-01T16:30:00Z,2,2,19
15,148,CRY,7,BOU,3,True,2019-12-03T19:30:00Z,1,0,19
15,142,BUR,5,MCI,11,True,2019-12-03T20:15:00Z,1,4,19
15,147,CHE,6,AVL,2,True,2019-12-04T19:30:00Z,2,1,19
15,143,LEI,9,WAT,18,True,2019-12-04T19:30:00Z,2,0,19
15,144,MUN,12,TOT,17,True,2019-12-04T19:30:00Z,2,1,19
15,150,SOU,16,NOR,14,True,2019-12-04T19:30:00Z,2,1,19
15,146,WOL,20,WHU,19,True,2019-12-04T19:30:00Z,2,0,19
15,149,LIV,10,EVE,8,True,2019-12-04T20:15:00Z,5,2,19
15,145,SHU,15,NEW,13,True,2019-12-05T19:30:00Z,0,2,19
15,141,ARS,1,BHA,4,True,2019-12-05T20:15:00Z,1,2,19
16,154,EVE,8,CHE,6,True,2019-12-07T12:30:00Z,3,1,19
16,152,BOU,3,LIV,10,True,2019-12-07T15:00:00Z,0,3,19
16,158,TOT,17,BUR,5,True,2019-12-07T15:00:00Z,5,0,19
16,159,WAT,18,CRY,7,True,2019-12-07T15:00:00Z,0,0,19
16,155,MCI,11,MUN,12,True,2019-12-07T17:30:00Z,1,2,19
16,151,AVL,2,LEI,9,True,2019-12-08T14:00:00Z,1,4,19
16,156,NEW,13,SOU,16,True,2019-12-08T14:00:00Z,2,1,19
16,157,NOR,14,SHU,15,True,2019-12-08T14:00:00Z,1,2,19
16,153,BHA,4,WOL,20,True,2019-12-08T16:30:00Z,2,2,19
16,160,WHU,19,ARS,1,True,2019-12-09T20:00:00Z,1,3,19
17,166,LIV,10,WAT,18,True,2019-12-14T12:30:00Z,2,0,19
17,162,BUR,5,NEW,13,True,2019-12-14T15:00:00Z,1,0,19
17,163,CHE,6,BOU,3,True,2019-12-14T15:00:00Z,0,1,19
17,165,LEI,9,NOR,14,True,2019-12-14T15:00:00Z,1,1,19
17,168,SHU,15,AVL,2,True,2019-12-14T15:00:00Z,2,0,19
17,169,SOU,16,WHU,19,True,2019-12-14T17:30:00Z,0,1,19
17,167,MUN,12,EVE,8,True,2019-12-15T14:00:00Z,1,1,19
17,170,WOL,20,TOT,17,True,2019-12-15T14:00:00Z,1,2,19
17,161,ARS,1,MCI,11,True,2019-12-15T16:30:00Z,0,3,19
17,164,CRY,7,BHA,4,True,2019-12-16T19:45:00Z,1,1,19
18,174,EVE,8,ARS,1,True,2019-12-21T12:30:00Z,0,0,19
18,171,AVL,2,SOU,16,True,2019-12-21T15:00:00Z,1,3,19
18,172,BOU,3,BUR,5,True,2019-12-21T15:00:00Z,0,1,19
18,173,BHA,4,SHU,15,True,2019-12-21T15:00:00Z,0,1,19
18,176,NEW,13,CRY,7,True,2019-12-21T15:00:00Z,1,0,19
18,177,NOR,14,WOL,20,True,2019-12-21T15:00:00Z,1,2,19
18,175,MCI,11,LEI,9,True,2019-12-21T17:30:00Z,3,1,19
18,179,WAT,18,MUN,12,True,2019-12-22T14:00:00Z,2,0,19
18,178,TOT,17,CHE,6,True,2019-12-22T16:30:00Z,0,2,19
19,189,TOT,17,BHA,4,True,2019-12-26T12:30:00Z,2,1,19
19,181,AVL,2,NOR,14,True,2019-12-26T15:00:00Z,1,0,19
19,182,BOU,3,ARS,1,True,2019-12-26T15:00:00Z,1,1,19
19,183,CHE,6,SOU,16,True,2019-12-26T15:00:00Z,0,2,19
19,184,CRY,7,WHU,19,True,2019-12-26T15:00:00Z,2,1,19
19,185,EVE,8,BUR,5,True,2019-12-26T15:00:00Z,1,0,19
19,188,SHU,15,WAT,18,True,2019-12-26T15:00:00Z,1,1,19
19,187,MUN,12,NEW,13,True,2019-12-26T17:30:00Z,4,1,19
19,186,LEI,9,LIV,10,True,2019-12-26T20:00:00Z,0,4,19
19,190,WOL,20,MCI,11,True,2019-12-27T19:45:00Z,3,2,19
20,192,BHA,4,BOU,3,True,2019-12-28T12:30:00Z,2,0,19
20,196,NEW,13,EVE,8,True,2019-12-28T15:00:00Z,1,2,19
20,198,SOU,16,CRY,7,True,2019-12-28T15:00:00Z,1,1,19
20,199,WAT,18,AVL,2,True,2019-12-28T15:00:00Z,3,0,19
20,197,NOR,14,TOT,17,True,2019-12-28T17:30:00Z,2,2,19
20,200,WHU,19,LEI,9,True,2019-12-28T17:30:00Z,1,2,19
20,193,BUR,5,MUN,12,True,2019-12-28T19:45:00Z,0,2,19
20,191,ARS,1,CHE,6,True,2019-12-29T14:00:00Z,1,2,19
20,194,LIV,10,WOL,20,True,2019-12-29T16:30:00Z,1,0,19
20,195,MCI,11,SHU,15,True,2019-12-29T18:00:00Z,2,0,19
21,202,BHA,4,CHE,6,True,2020-01-01T12:30:00Z,1,1,19
21,203,BUR,5,AVL,2,True,2020-01-01T12:30:00Z,1,2,19
21,206,NEW,13,LEI,9,True,2020-01-01T15:00:00Z,0,3,19
21,208,SOU,16,TOT,17,True,2020-01-01T15:00:00Z,1,0,19
21,209,WAT,18,WOL,20,True,2020-01-01T15:00:00Z,2,1,19
21,205,MCI,11,EVE,8,True,2020-01-01T17:30:00Z,2,1,19
21,207,NOR,14,CRY,7,True,2020-01-01T17:30:00Z,1,1,19
21,210,WHU,19,BOU,3,True,2020-01-01T17:30:00Z,4,0,19
21,201,ARS,1,MUN,12,True,2020-01-01T20:00:00Z,2,0,19
21,204,LIV,10,SHU,15,True,2020-01-02T20:00:00Z,2,0,19
22,218,SHU,15,WHU,19,True,2020-01-10T20:00:00Z,1,0,19
22,214,CRY,7,ARS,1,True,2020-01-11T12:30:00Z,1,1,19
22,213,CHE,6,BUR,5,True,2020-01-11T15:00:00Z,3,0,19
22,215,EVE,8,BHA,4,True,2020-01-11T15:00:00Z,1,0,19
22,216,LEI,9,SOU,16,True,2020-01-11T15:00:00Z,1,2,19
22,217,MUN,12,NOR,14,True,2020-01-11T15:00:00Z,4,0,19
22,220,WOL,20,NEW,13,True,2020-01-11T15:00:00Z,1,1,19
22,219,TOT,17,LIV,10,True,2020-01-11T17:30:00Z,0,1,19
22,212,BOU,3,WAT,18,True,2020-01-12T14:00:00Z,0,3,19
22,211,AVL,2,MCI,11,True,2020-01-12T16:30:00Z,1,6,19
23,229,WAT,18,TOT,17,True,2020-01-18T12:30:00Z,0,0,19
23,221,ARS,1,SHU,15,True,2020-01-18T15:00:00Z,1,1,19
23,222,BHA,4,AVL,2,True,2020-01-18T15:00:00Z,1,1,19
23,225,MCI,11,CRY,7,True,2020-01-18T15:00:00Z,2,2,19
23,227,NOR,14,BOU,3,True,2020-01-18T15:00:00Z,1,0,19
23,228,SOU,16,WOL,20,True,2020-01-18T15:00:00Z,2,3,19
23,230,WHU,19,EVE,8,True,2020-01-18T15:00:00Z,1,1,19
23,226,NEW,13,CHE,6,True,2020-01-18T17:30:00Z,1,0,19
23,223,BUR,5,LEI,9,True,2020-01-19T14:00:00Z,2,1,19
23,224,LIV,10,MUN,12,True,2020-01-19T16:30:00Z,2,0,19
24,231,AVL,2,WAT,18,True,2020-01-21T19:30:00Z,2,1,19
24,232,BOU,3,BHA,4,True,2020-01-21T19:30:00Z,3,1,19
24,239,CRY,7,SOU,16,True,2020-01-21T19:30:00Z,0,2,19
24,233,EVE,8,NEW,13,True,2020-01-21T19:30:00Z,2,2,19
24,236,SHU,15,MCI,11,True,2020-01-21T19:30:00Z,0,1,19
24,238,CHE,6,ARS,1,True,2020-01-21T20:15:00Z,2,2,19
24,234,LEI,9,WHU,19,True,2020-01-22T19:30:00Z,4,1,19
24,240,TOT,17,NOR,14,True,2020-01-22T19:30:00Z,2,1,19
24,235,MUN,12,BUR,5,True,2020-01-22T20:15:00Z,0,2,19
24,237,WOL,20,LIV,10,True,2020-01-23T20:00:00Z,1,2,19
24,180,WHU,19,LIV,10,True,2020-01-29T19:45:00Z,0,2,19
25,244,LEI,9,CHE,6,True,2020-02-01T12:30:00Z,2,2,19
25,241,BOU,3,AVL,2,True,2020-02-01T15:00:00Z,2,1,19
25,243,CRY,7,SHU,15,True,2020-02-01T15:00:00Z,0,1,19
25,245,LIV,10,SOU,16,True,2020-02-01T15:00:00Z,4,0,19
25,247,NEW,13,NOR,14,True,2020-02-01T15:00:00Z,0,0,19
25,249,WAT,18,EVE,8,True,2020-02-01T15:00:00Z,2,3,19
25,250,WHU,19,BHA,4,True,2020-02-01T15:00:00Z,3,3,19
25,246,MUN,12,WOL,20,True,2020-02-01T17:30:00Z,0,0,19
25,242,BUR,5,ARS,1,True,2020-02-02T14:00:00Z,0,0,19
25,248,TOT,17,MCI,11,True,2020-02-02T16:30:00Z,2,0,19
26,255,EVE,8,CRY,7,True,2020-02-08T12:30:00Z,3,1,19
26,253,BHA,4,WAT,18,True,2020-02-08T17:30:00Z,1,1,19
26,258,SHU,15,BOU,3,True,2020-02-09T14:00:00Z,2,1,19
26,260,WOL,20,LEI,9,True,2020-02-14T20:00:00Z,0,0,19
26,259,SOU,16,BUR,5,True,2020-02-15T12:30:00Z,1,2,19
26,257,NOR,14,LIV,10,True,2020-02-15T17:30:00Z,0,1,19
26,252,AVL,2,TOT,17,True,2020-02-16T14:00:00Z,2,3,19
26,251,ARS,1,NEW,13,True,2020-02-16T16:30:00Z,4,0,19
26,254,CHE,6,MUN,12,True,2020-02-17T20:00:00Z,0,2,19
26,256,MCI,11,WHU,19,True,2020-02-19T19:30:00Z,2,0,19
27,263,CHE,6,TOT,17,True,2020-02-22T12:30:00Z,2,1,19
27,262,BUR,5,BOU,3,True,2020-02-22T15:00:00Z,3,0,19
27,264,CRY,7,NEW,13,True,2020-02-22T15:00:00Z,1,0,19
27,268,SHU,15,BHA,4,True,2020-02-22T15:00:00Z,1,1,19
27,269,SOU,16,AVL,2,True,2020-02-22T15:00:00Z,2,0,19
27,265,LEI,9,MCI,11,True,2020-02-22T17:30:00Z,0,1,19
27,267,MUN,12,WAT,18,True,2020-02-23T14:00:00Z,3,0,19
27,270,WOL,20,NOR,14,True,2020-02-23T14:00:00Z,3,0,19
27,261,ARS,1,EVE,8,True,2020-02-23T16:30:00Z,3,2,19
27,266,LIV,10,WHU,19,True,2020-02-24T20:00:00Z,3,2,19
28,277,NOR,14,LEI,9,True,2020-02-28T20:00:00Z,1,0,19
28,273,BHA,4,CRY,7,True,2020-02-29T12:30:00Z,0,1,19
28,272,BOU,3,CHE,6,True,2020-02-29T15:00:00Z,2,2,19
28,276,NEW,13,BUR,5,True,2020-02-29T15:00:00Z,0,0,19
28,280,WHU,19,SOU,16,True,2020-02-29T15:00:00Z,3,1,19
28,279,WAT,18,LIV,10,True,2020-02-29T17:30:00Z,3,0,19
28,274,EVE,8,MUN,12,True,2020-03-01T14:00:00Z,1,1,19
28,278,TOT,17,WOL,20,True,2020-03-01T14:00:00Z,2,3,19
29,286,LIV,10,BOU,3,True,2020-03-07T12:30:00Z,2,1,19
29,281,ARS,1,WHU,19,True,2020-03-07T15:00:00Z,1,0,19
29,284,CRY,7,WAT,18,True,2020-03-07T15:00:00Z,1,0,19
29,288,SHU,15,NOR,14,True,2020-03-07T15:00:00Z,1,0,19
29,289,SOU,16,NEW,13,True,2020-03-07T15:00:00Z,0,1,19
29,290,WOL,20,BHA,4,True,2020-03-07T15:00:00Z,0,0,19
29,282,BUR,5,TOT,17,True,2020-03-07T17:30:00Z,1,1,19
29,283,CHE,6,EVE,8,True,2020-03-08T14:00:00Z,4,0,19
29,287,MUN,12,MCI,11,True,2020-03-08T16:30:00Z,2,0,19
29,285,LEI,9,AVL,2,True,2020-03-09T20:00:00Z,4,0,19
39,271,AVL,2,SHU,15,True,2020-06-17T17:00:00Z,0,0,19
39,275,MCI,11,ARS,1,True,2020-06-17T19:15:00Z,3,0,19
39,297,NOR,14,SOU,16,True,2020-06-19T17:00:00Z,0,3,19
39,298,TOT,17,MUN,12,True,2020-06-19T19:15:00Z,1,1,19
39,299,WAT,18,LEI,9,True,2020-06-20T11:30:00Z,1,1,19
39,293,BHA,4,ARS,1,True,2020-06-20T14:00:00Z,2,1,19
39,300,WHU,19,WOL,20,True,2020-06-20T16:30:00Z,0,2,19
39,292,BOU,3,CRY,7,True,2020-06-20T18:45:00Z,0,2,19
39,296,NEW,13,SHU,15,True,2020-06-21T13:00:00Z,3,0,19
39,291,AVL,2,CHE,6,True,2020-06-21T15:15:00Z,1,2,19
39,294,EVE,8,LIV,10,True,2020-06-21T18:00:00Z,0,0,19
39,295,MCI,11,BUR,5,True,2020-06-22T19:00:00Z,5,0,19
40,303,LEI,9,BHA,4,True,2020-06-23T17:00:00Z,0,0,19
40,309,TOT,17,WHU,19,True,2020-06-23T19:15:00Z,2,0,19
40,305,MUN,12,SHU,15,True,2020-06-24T17:00:00Z,3,0,19
40,306,NEW,13,AVL,2,True,2020-06-24T17:00:00Z,1,1,19
40,307,NOR,14,EVE,8,True,2020-06-24T17:00:00Z,0,1,19
40,310,WOL,20,BOU,3,True,2020-06-24T17:00:00Z,1,0,19
40,304,LIV,10,CRY,7,True,2020-06-24T19:15:00Z,4,0,19
40,301,BUR,5,WAT,18,True,2020-06-25T17:00:00Z,1,0,19
40,308,SOU,16,ARS,1,True,2020-06-25T17:00:00Z,0,2,19
40,302,CHE,6,MCI,11,True,2020-06-25T19:15:00Z,2,1,19
41,312,AVL,2,WOL,20,True,2020-06-27T11:30:00Z,0,1,19
41,319,WAT,18,SOU,16,True,2020-06-28T15:30:00Z,1,3,19
41,315,CRY,7,BUR,5,True,2020-06-29T19:00:00Z,0,1,19
41,314,BHA,4,MUN,12,True,2020-06-30T19:15:00Z,0,3,19
41,311,ARS,1,NOR,14,True,2020-07-01T17:00:00Z,4,0,19
41,313,BOU,3,NEW,13,True,2020-07-01T17:00:00Z,1,4,19
41,316,EVE,8,LEI,9,True,2020-07-01T17:00:00Z,2,1,19
41,320,WHU,19,CHE,6,True,2020-07-01T19:15:00Z,3,2,19
41,318,SHU,15,TOT,17,True,2020-07-02T17:00:00Z,3,1,19
41,317,MCI,11,LIV,10,True,2020-07-02T19:15:00Z,4,0,19
42,327,NOR,14,BHA,4,True,2020-07-04T11:30:00Z,0,1,19
42,323,LEI,9,CRY,7,True,2020-07-04T14:00:00Z,3,0,19
42,325,MUN,12,BOU,3,True,2020-07-04T14:00:00Z,5,2,19
42,330,WOL,20,ARS,1,True,2020-07-04T16:30:00Z,0,2,19
42,322,CHE,6,WAT,18,True,2020-07-04T19:00:00Z,3,0,19
42,321,BUR,5,SHU,15,True,2020-07-05T11:00:00Z,1,1,19
42,326,NEW,13,WHU,19,True,2020-07-05T13:15:00Z,2,2,19
42,324,LIV,10,AVL,2,True,2020-07-05T15:30:00Z,2,0,19
42,328,SOU,16,MCI,11,True,2020-07-05T18:00:00Z,1,0,19
42,329,TOT,17,EVE,8,True,2020-07-06T19:00:00Z,1,0,19
43,335,CRY,7,CHE,6,True,2020-07-07T17:00:00Z,2,3,19
43,339,WAT,18,NOR,14,True,2020-07-07T17:00:00Z,2,1,19
43,331,ARS,1,LEI,9,True,2020-07-07T19:15:00Z,1,1,19
43,337,MCI,11,NEW,13,True,2020-07-08T17:00:00Z,5,0,19
43,338,SHU,15,WOL,20,True,2020-07-08T17:00:00Z,1,0,19
43,340,WHU,19,BUR,5,True,2020-07-08T17:00:00Z,0,1,19
43,334,BHA,4,LIV,10,True,2020-07-08T19:15:00Z,1,3,19
43,333,BOU,3,TOT,17,True,2020-07-09T17:00:00Z,0,0,19
43,336,EVE,8,SOU,16,True,2020-07-09T17:00:00Z,1,1,19
43,332,AVL,2,MUN,12,True,2020-07-09T19:15:00Z,0,3,19
44,346,NOR,14,WHU,19,True,2020-07-11T11:30:00Z,0,4,19
44,349,WAT,18,NEW,13,True,2020-07-11T11:30:00Z,2,1,19
44,344,LIV,10,BUR,5,True,2020-07-11T14:00:00Z,1,1,19
44,347,SHU,15,CHE,6,True,2020-07-11T16:30:00Z,3,0,19
44,343,BHA,4,MCI,11,True,2020-07-11T19:00:00Z,0,5,19
44,350,WOL,20,EVE,8,True,2020-07-12T11:00:00Z,3,0,19
44,341,AVL,2,CRY,7,True,2020-07-12T13:15:00Z,2,0,19
44,348,TOT,17,ARS,1,True,2020-07-12T15:30:00Z,2,1,19
44,342,BOU,3,LEI,9,True,2020-07-12T18:00:00Z,4,1,19
44,345,MUN,12,SOU,16,True,2020-07-13T19:00:00Z,2,2,19
45,353,CHE,6,NOR,14,True,2020-07-14T19:15:00Z,1,0,19
45,352,BUR,5,WOL,20,True,2020-07-15T17:00:00Z,1,1,19
45,357,MCI,11,BOU,3,True,2020-07-15T17:00:00Z,2,1,19
45,358,NEW,13,TOT,17,True,2020-07-15T17:00:00Z,1,3,19
45,351,ARS,1,LIV,10,True,2020-07-15T19:15:00Z,2,1,19
45,355,EVE,8,AVL,2,True,2020-07-16T17:00:00Z,1,1,19
45,356,LEI,9,SHU,15,True,2020-07-16T17:00:00Z,2,0,19
45,354,CRY,7,MUN,12,True,2020-07-16T19:15:00Z,0,2,19
45,359,SOU,16,BHA,4,True,2020-07-16T19:15:00Z,1,1,19
45,360,WHU,19,WAT,18,True,2020-07-17T19:00:00Z,3,1,19
46,366,NOR,14,BUR,5,True,2020-07-18T16:30:00Z,0,2,19
46,362,BOU,3,SOU,16,True,2020-07-19T13:00:00Z,0,2,19
46,368,TOT,17,LEI,9,True,2020-07-19T15:00:00Z,3,0,19
46,363,BHA,4,NEW,13,True,2020-07-20T17:00:00Z,0,0,19
46,367,SHU,15,EVE,8,True,2020-07-20T17:00:00Z,0,1,19
46,370,WOL,20,CRY,7,True,2020-07-20T19:15:00Z,2,0,19
46,369,WAT,18,MCI,11,True,2020-07-21T17:00:00Z,0,4,19
46,361,AVL,2,ARS,1,True,2020-07-21T19:15:00Z,1,0,19
46,365,MUN,12,WHU,19,True,2020-07-22T17:00:00Z,1,1,19
46,364,LIV,10,CHE,6,True,2020-07-22T19:15:00Z,5,3,19
47,371,ARS,1,WAT,18,True,2020-07-26T15:00:00Z,3,2,19
47,372,BUR,5,BHA,4,True,2020-07-26T15:00:00Z,1,2,19
47,373,CHE,6,WOL,20,True,2020-07-26T15:00:00Z,2,0,19
47,374,CRY,7,TOT,17,True,2020-07-26T15:00:00Z,1,1,19
47,375,EVE,8,BOU,3,True,2020-07-26T15:00:00Z,1,3,19
47,376,LEI,9,MUN,12,True,2020-07-26T15:00:00Z,0,2,19
47,377,MCI,11,NOR,14,True,2020-07-26T15:00:00Z,5,0,19
47,378,NEW,13,LIV,10,True,2020-07-26T15:00:00Z,1,3,19
47,379,SOU,16,SHU,15,True,2020-07-26T15:00:00Z,3,1,19
47,380,WHU,19,AVL,2,True,2020-07-26T15:00:00Z,1,1,19
1,2,FUL,8,ARS,1,True,2020-09-12T11:30:00Z,0,3,20
1,1,CRY,6,SOU,16,True,2020-09-12T14:00:00Z,1,0,20
1,3,LIV,11,LEE,10,True,2020-09-12T16:30:00Z,4,3,20
1,6,WHU,19,NEW,14,True,2020-09-12T19:00:00Z,0,2,20
1,5,WBA,18,LEI,9,True,2020-09-13T13:00:00Z,0,3,20
1,4,TOT,17,EVE,7,True,2020-09-13T15:30:00Z,0,1,20
1,8,SHU,15,WOL,20,True,2020-09-14T17:00:00Z,0,2,20
1,7,BHA,3,CHE,5,True,2020-09-14T19:15:00Z,1,3,20
2,12,EVE,7,WBA,18,True,2020-09-19T11:30:00Z,5,2,20
2,13,LEE,10,FUL,8,True,2020-09-19T14:00:00Z,4,3,20
2,15,MUN,13,CRY,6,True,2020-09-19T16:30:00Z,1,3,20
2,9,ARS,1,WHU,19,True,2020-09-19T19:00:00Z,2,1,20
2,17,SOU,16,TOT,17,True,2020-09-20T11:00:00Z,2,5,20
2,16,NEW,14,BHA,3,True,2020-09-20T13:00:00Z,0,3,20
2,11,CHE,5,LIV,11,True,2020-09-20T15:30:00Z,0,2,20
2,14,LEI,9,BUR,4,True,2020-09-20T18:00:00Z,4,2,20
2,10,AVL,2,SHU,15,True,2020-09-21T17:00:00Z,1,0,20
2,18,WOL,20,MCI,12,True,2020-09-21T19:15:00Z,1,3,20
3,19,BHA,3,MUN,13,True,2020-09-26T11:30:00Z,2,3,20
3,21,CRY,6,EVE,7,True,2020-09-26T14:00:00Z,1,2,20
3,27,WBA,18,CHE,5,True,2020-09-26T16:30:00Z,3,3,20
3,20,BUR,4,SOU,16,True,2020-09-26T19:00:00Z,0,1,20
3,25,SHU,15,LEE,10,True,2020-09-27T11:00:00Z,0,1,20
3,26,TOT,17,NEW,14,True,2020-09-27T13:00:00Z,1,1,20
3,24,MCI,12,LEI,9,True,2020-09-27T15:30:00Z,2,5,20
3,28,WHU,19,WOL,20,True,2020-09-27T18:00:00Z,4,0,20
3,22,FUL,8,AVL,2,True,2020-09-28T16:45:00Z,0,3,20
3,23,LIV,11,ARS,1,True,2020-09-28T19:00:00Z,3,1,20
4,31,CHE,5,CRY,6,True,2020-10-03T11:30:00Z,4,0,20
4,32,EVE,7,BHA,3,True,2020-10-03T14:00:00Z,4,2,20
4,33,LEE,10,MCI,12,True,2020-10-03T16:30:00Z,1,1,20
4,36,NEW,14,BUR,4,True,2020-10-03T19:00:00Z,3,1,20
4,34,LEI,9,WHU,19,True,2020-10-04T11:00:00Z,0,3,20
4,37,SOU,16,WBA,18,True,2020-10-04T11:00:00Z,2,0,20
4,29,ARS,1,SHU,15,True,2020-10-04T13:00:00Z,2,1,20
4,38,WOL,20,FUL,8,True,2020-10-04T13:00:00Z,1,0,20
4,35,MUN,13,TOT,17,True,2020-10-04T15:30:00Z,1,6,20
4,30,AVL,2,LIV,11,True,2020-10-04T18:15:00Z,7,2,20
5,41,EVE,7,LIV,11,True,2020-10-17T11:30:00Z,2,2,20
5,39,CHE,5,SOU,16,True,2020-10-17T14:00:00Z,3,3,20
5,44,MCI,12,ARS,1,True,2020-10-17T16:30:00Z,1,0,20
5,45,NEW,14,MUN,13,True,2020-10-17T19:00:00Z,1,4,20
5,46,SHU,15,FUL,8,True,2020-10-18T11:00:00Z,1,1,20
5,40,CRY,6,BHA,3,True,2020-10-18T13:00:00Z,1,1,20
5,47,TOT,17,WHU,19,True,2020-10-18T15:30:00Z,3,3,20
5,43,LEI,9,AVL,2,True,2020-10-18T18:15:00Z,0,1,20
5,48,WBA,18,BUR,4,True,2020-10-19T16:30:00Z,0,0,20
5,42,LEE,10,WOL,20,True,2020-10-19T19:00:00Z,0,1,20
6,50,AVL,2,LEE,10,True,2020-10-23T19:00:00Z,0,3,20
6,57,WHU,19,MCI,12,True,2020-10-24T11:30:00Z,1,1,20
6,53,FUL,8,CRY,6,True,2020-10-24T14:00:00Z,1,2,20
6,55,MUN,13,CHE,5,True,2020-10-24T16:30:00Z,0,0,20
6,54,LIV,11,SHU,15,True,2020-10-24T19:00:00Z,2,1,20
6,56,SOU,16,EVE,7,True,2020-10-25T14:00:00Z,2,0,20
6,58,WOL,20,NEW,14,True,2020-10-25T16:30:00Z,1,1,20
6,49,ARS,1,LEI,9,True,2020-10-25T19:15:00Z,0,1,20
6,51,BHA,3,WBA,18,True,2020-10-26T17:30:00Z,1,1,20
6,52,BUR,4,TOT,17,True,2020-10-26T20:00:00Z,0,1,20
7,68,WOL,20,CRY,6,True,2020-10-30T20:00:00Z,2,0,20
7,66,SHU,15,MCI,12,True,2020-10-31T12:30:00Z,0,1,20
7,60,BUR,4,CHE,5,True,2020-10-31T15:00:00Z,0,3,20
7,63,LIV,11,WHU,19,True,2020-10-31T17:30:00Z,2,1,20
7,59,AVL,2,SOU,16,True,2020-11-01T12:00:00Z,3,4,20
7,65,NEW,14,EVE,7,True,2020-11-01T14:00:00Z,2,1,20
7,64,MUN,13,ARS,1,True,2020-11-01T16:30:00Z,0,1,20
7,67,TOT,17,BHA,3,True,2020-11-01T19:15:00Z,2,1,20
7,61,FUL,8,WBA,18,True,2020-11-02T17:30:00Z,2,0,20
7,62,LEE,10,LEI,9,True,2020-11-02T20:00:00Z,1,4,20
8,70,BHA,3,BUR,4,True,2020-11-06T17:30:00Z,0,0,20
8,76,SOU,16,NEW,14,True,2020-11-06T20:00:00Z,2,0,20
8,73,EVE,7,MUN,13,True,2020-11-07T12:30:00Z,1,3,20
8,72,CRY,6,LEE,10,True,2020-11-07T15:00:00Z,4,1,20
8,71,CHE,5,SHU,15,True,2020-11-07T17:30:00Z,4,1,20
8,78,WHU,19,FUL,8,True,2020-11-07T20:00:00Z,1,0,20
8,77,WBA,18,TOT,17,True,2020-11-08T12:00:00Z,0,1,20
8,74,LEI,9,WOL,20,True,2020-11-08T14:00:00Z,1,0,20
8,75,MCI,12,LIV,11,True,2020-11-08T16:30:00Z,1,1,20
8,69,ARS,1,AVL,2,True,2020-11-08T19:15:00Z,0,3,20
9,85,NEW,14,CHE,5,True,2020-11-21T12:30:00Z,0,2,20
9,79,AVL,2,BHA,3,True,2020-11-21T15:00:00Z,1,2,20
9,87,TOT,17,MCI,12,True,2020-11-21T17:30:00Z,2,0,20
9,84,MUN,13,WBA,18,True,2020-11-21T20:00:00Z,1,0,20
9,81,FUL,8,EVE,7,True,2020-11-22T12:00:00Z,2,3,20
9,86,SHU,15,WHU,19,True,2020-11-22T14:00:00Z,0,1,20
9,82,LEE,10,ARS,1,True,2020-11-22T16:30:00Z,0,0,20
9,83,LIV,11,LEI,9,True,2020-11-22T19:15:00Z,3,0,20
9,80,BUR,4,CRY,6,True,2020-11-23T17:30:00Z,1,0,20
9,88,WOL,20,SOU,16,True,2020-11-23T20:00:00Z,1,1,20
10,92,CRY,6,NEW,14,True,2020-11-27T20:00:00Z,0,2,20
10,90,BHA,3,LIV,11,True,2020-11-28T12:30:00Z,1,1,20
10,95,MCI,12,BUR,4,True,2020-11-28T15:00:00Z,5,0,20
10,93,EVE,7,LEE,10,True,2020-11-28T17:30:00Z,0,1,20
10,97,WBA,18,SHU,15,True,2020-11-28T20:00:00Z,1,0,20
10,96,SOU,16,MUN,13,True,2020-11-29T14:00:00Z,2,3,20
10,91,CHE,5,TOT,17,True,2020-11-29T16:30:00Z,0,0,20
10,89,ARS,1,WOL,20,True,2020-11-29T19:15:00Z,1,2,20
10,94,LEI,9,FUL,8,True,2020-11-30T17:30:00Z,1,2,20
10,98,WHU,19,AVL,2,True,2020-11-30T20:00:00Z,2,1,20
11,101,BUR,4,EVE,7,True,2020-12-05T12:30:00Z,1,1,20
11,104,MCI,12,FUL,8,True,2020-12-05T15:00:00Z,2,0,20
11,108,WHU,19,MUN,13,True,2020-12-05T17:30:00Z,1,3,20
11,102,CHE,5,LEE,10,True,2020-12-05T20:00:00Z,3,1,20
11,107,WBA,18,CRY,6,True,2020-12-06T12:00:00Z,1,5,20
11,105,SHU,15,LEI,9,True,2020-12-06T14:15:00Z,1,2,20
11,106,TOT,17,ARS,1,True,2020-12-06T16:30:00Z,2,0,20
11,103,LIV,11,WOL,20,True,2020-12-06T19:15:00Z,4,0,20
11,100,BHA,3,SOU,16,True,2020-12-07T20:00:00Z,1,2,20
12,113,LEE,10,WHU,19,True,2020-12-11T20:00:00Z,1,2,20
12,118,WOL,20,AVL,2,True,2020-12-12T12:30:00Z,0,1,20
12,116,NEW,14,WBA,18,True,2020-12-12T15:00:00Z,2,1,20
12,115,MUN,13,MCI,12,True,2020-12-12T17:30:00Z,0,0,20
12,111,EVE,7,CHE,5,True,2020-12-12T20:00:00Z,1,0,20
12,117,SOU,16,SHU,15,True,2020-12-13T12:00:00Z,3,0,20
12,110,CRY,6,TOT,17,True,2020-12-13T14:15:00Z,1,1,20
12,112,FUL,8,LIV,11,True,2020-12-13T16:30:00Z,1,1,20
12,109,ARS,1,BUR,4,True,2020-12-13T19:15:00Z,0,1,20
12,114,LEI,9,BHA,3,True,2020-12-13T19:15:00Z,3,0,20
13,126,WOL,20,CHE,5,True,2020-12-15T18:00:00Z,2,1,20
13,128,MCI,12,WBA,18,True,2020-12-15T20:00:00Z,1,1,20
13,119,ARS,1,SOU,16,True,2020-12-16T18:00:00Z,1,1,20
13,122,LEE,10,NEW,14,True,2020-12-16T18:00:00Z,5,2,20
13,123,LEI,9,EVE,7,True,2020-12-16T18:00:00Z,0,2,20
13,121,FUL,8,BHA,3,True,2020-12-16T20:00:00Z,0,0,20
13,127,LIV,11,TOT,17,True,2020-12-16T20:00:00Z,2,1,20
13,125,WHU,19,CRY,6,True,2020-12-16T20:00:00Z,1,1,20
13,120,AVL,2,BUR,4,True,2020-12-17T18:00:00Z,0,0,20
13,124,SHU,15,MUN,13,True,2020-12-17T20:00:00Z,2,3,20
14,132,CRY,6,LIV,11,True,2020-12-19T12:30:00Z,0,7,20
14,136,SOU,16,MCI,12,True,2020-12-19T15:00:00Z,0,1,20
14,133,EVE,7,ARS,1,True,2020-12-19T17:30:00Z,2,1,20
14,135,NEW,14,FUL,8,True,2020-12-19T20:00:00Z,1,1,20
14,129,BHA,3,SHU,15,True,2020-12-20T12:00:00Z,1,1,20
14,137,TOT,17,LEI,9,True,2020-12-20T14:15:00Z,0,2,20
14,134,MUN,13,LEE,10,True,2020-12-20T16:30:00Z,6,2,20
14,138,WBA,18,AVL,2,True,2020-12-20T19:15:00Z,0,3,20
14,130,BUR,4,WOL,20,True,2020-12-21T17:30:00Z,2,1,20
14,131,CHE,5,WHU,19,True,2020-12-21T20:00:00Z,3,0,20
15,143,LEI,9,MUN,13,True,2020-12-26T12:30:00Z,2,2,20
15,140,AVL,2,CRY,6,True,2020-12-26T15:00:00Z,3,0,20
15,141,FUL,8,SOU,16,True,2020-12-26T15:00:00Z,0,0,20
15,139,ARS,1,CHE,5,True,2020-12-26T17:30:00Z,3,1,20
15,145,MCI,12,NEW,14,True,2020-12-26T20:00:00Z,2,0,20
15,146,SHU,15,EVE,7,True,2020-12-26T20:00:00Z,0,1,20
15,142,LEE,10,BUR,4,True,2020-12-27T12:00:00Z,1,0,20
15,147,WHU,19,BHA,3,True,2020-12-27T14:15:00Z,2,2,20
15,144,LIV,11,WBA,18,True,2020-12-27T16:30:00Z,1,1,20
15,148,WOL,20,TOT,17,True,2020-12-27T19:15:00Z,1,1,20
16,152,CRY,6,LEI,9,True,2020-12-28T15:00:00Z,1,1,20
16,151,CHE,5,AVL,2,True,2020-12-28T17:30:00Z,1,1,20
16,149,BHA,3,ARS,1,True,2020-12-29T18:00:00Z,0,1,20
16,150,BUR,4,SHU,15,True,2020-12-29T18:00:00Z,1,0,20
16,156,SOU,16,WHU,19,True,2020-12-29T18:00:00Z,0,0,20
16,158,WBA,18,LEE,10,True,2020-12-29T18:00:00Z,0,5,20
16,154,MUN,13,WOL,20,True,2020-12-29T20:00:00Z,1,0,20
16,155,NEW,14,LIV,11,True,2020-12-30T20:00:00Z,0,0,20
17,163,EVE,7,WHU,19,True,2021-01-01T17:30:00Z,0,1,20
17,164,MUN,13,AVL,2,True,2021-01-01T20:00:00Z,2,1,20
17,167,TOT,17,LEE,10,True,2021-01-02T12:30:00Z,3,0,20
17,162,CRY,6,SHU,15,True,2021-01-02T15:00:00Z,2,0,20
17,159,BHA,3,WOL,20,True,2021-01-02T17:30:00Z,3,3,20
17,168,WBA,18,ARS,1,True,2021-01-02T20:00:00Z,0,4,20
17,165,NEW,14,LEI,9,True,2021-01-03T14:15:00Z,1,2,20
17,161,CHE,5,MCI,12,True,2021-01-03T16:30:00Z,1,3,20
17,166,SOU,16,LIV,11,True,2021-01-04T20:00:00Z,1,0,20
18,174,SHU,15,NEW,14,True,2021-01-12T18:00:00Z,1,0,20
18,379,BUR,4,MUN,13,True,2021-01-12T20:15:00Z,0,1,20
18,176,WOL,20,EVE,7,True,2021-01-12T20:15:00Z,1,2,20
18,178,MCI,12,BHA,3,True,2021-01-13T18:00:00Z,1,0,20
18,157,TOT,17,FUL,8,True,2021-01-13T20:15:00Z,1,1,20
18,169,ARS,1,CRY,6,True,2021-01-14T20:00:00Z,0,0,20
19,188,WOL,20,WBA,18,True,2021-01-16T12:30:00Z,2,3,20
19,182,LEE,10,BHA,3,True,2021-01-16T15:00:00Z,0,1,20
19,187,WHU,19,BUR,4,True,2021-01-16T15:00:00Z,1,0,20
19,181,FUL,8,CHE,5,True,2021-01-16T17:30:00Z,0,1,20
19,183,LEI,9,SOU,16,True,2021-01-16T20:00:00Z,2,0,20
19,186,SHU,15,TOT,17,True,2021-01-17T14:00:00Z,1,3,20
19,184,LIV,11,MUN,13,True,2021-01-17T16:30:00Z,0,0,20
19,185,MCI,12,CRY,6,True,2021-01-17T19:15:00Z,4,0,20
19,179,ARS,1,NEW,14,True,2021-01-18T20:00:00Z,3,0,20
19,175,WHU,19,WBA,18,True,2021-01-19T18:00:00Z,2,1,20
19,173,LEI,9,CHE,5,True,2021-01-19T20:15:00Z,2,0,20
19,380,MCI,12,AVL,2,True,2021-01-20T18:00:00Z,2,0,20
19,171,FUL,8,MUN,13,True,2021-01-20T20:15:00Z,1,2,20
19,177,LIV,11,BUR,4,True,2021-01-21T20:00:00Z,0,1,20
19,99,AVL,2,NEW,14,True,2021-01-23T20:00:00Z,2,0,20
20,195,CRY,6,WHU,19,True,2021-01-26T18:00:00Z,2,3,20
20,196,NEW,14,LEE,10,True,2021-01-26T18:00:00Z,1,2,20
20,197,SOU,16,ARS,1,True,2021-01-26T20:15:00Z,1,3,20
20,193,WBA,18,MCI,12,True,2021-01-26T20:15:00Z,0,5,20
20,190,BUR,4,AVL,2,True,2021-01-27T18:00:00Z,3,2,20
20,194,CHE,5,WOL,20,True,2021-01-27T18:00:00Z,0,0,20
20,189,BHA,3,FUL,8,True,2021-01-27T19:30:00Z,0,0,20
20,191,EVE,7,LEI,9,True,2021-01-27T20:15:00Z,1,1,20
20,192,MUN,13,SHU,15,True,2021-01-27T20:15:00Z,1,2,20
20,198,TOT,17,LIV,11,True,2021-01-28T20:00:00Z,1,3,20
21,203,EVE,7,NEW,14,True,2021-01-30T12:30:00Z,0,2,20
21,202,CRY,6,WOL,20,True,2021-01-30T15:00:00Z,1,0,20
21,205,MCI,12,SHU,15,True,2021-01-30T15:00:00Z,1,0,20
21,207,WBA,18,FUL,8,True,2021-01-30T15:00:00Z,2,2,20
21,199,ARS,1,MUN,13,True,2021-01-30T17:30:00Z,0,0,20
21,206,SOU,16,AVL,2,True,2021-01-30T20:00:00Z,0,1,20
21,201,CHE,5,BUR,4,True,2021-01-31T12:00:00Z,2,0,20
21,204,LEI,9,LEE,10,True,2021-01-31T14:00:00Z,1,3,20
21,208,WHU,19,LIV,11,True,2021-01-31T16:30:00Z,1,3,20
21,200,BHA,3,TOT,17,True,2021-01-31T19:15:00Z,1,0,20
22,214,SHU,15,WBA,18,True,2021-02-02T18:00:00Z,2,1,20
22,215,WOL,20,ARS,1,True,2021-02-02T18:00:00Z,2,1,20
22,213,MUN,13,SOU,16,True,2021-02-02T20:15:00Z,9,0,20
22,217,NEW,14,CRY,6,True,2021-02-02T20:15:00Z,1,2,20
22,210,BUR,4,MCI,12,True,2021-02-03T18:00:00Z,0,2,20
22,211,FUL,8,LEI,9,True,2021-02-03T18:00:00Z,0,2,20
22,212,LEE,10,EVE,7,True,2021-02-03T19:30:00Z,1,2,20
22,209,AVL,2,WHU,19,True,2021-02-03T20:15:00Z,1,3,20
22,216,LIV,11,BHA,3,True,2021-02-03T20:15:00Z,0,1,20
22,218,TOT,17,CHE,5,True,2021-02-04T20:00:00Z,0,1,20
23,219,AVL,2,ARS,1,True,2021-02-06T12:30:00Z,1,0,20
23,220,BUR,4,BHA,3,True,2021-02-06T15:00:00Z,1,1,20
23,225,NEW,14,SOU,16,True,2021-02-06T15:00:00Z,3,2,20
23,221,FUL,8,WHU,19,True,2021-02-06T17:30:00Z,0,0,20
23,224,MUN,13,EVE,7,True,2021-02-06T20:00:00Z,3,3,20
23,227,TOT,17,WBA,18,True,2021-02-07T12:00:00Z,2,0,20
23,228,WOL,20,LEI,9,True,2021-02-07T14:00:00Z,0,0,20
23,223,LIV,11,MCI,12,True,2021-02-07T16:30:00Z,1,4,20
23,226,SHU,15,CHE,5,True,2021-02-07T19:15:00Z,1,2,20
23,222,LEE,10,CRY,6,True,2021-02-08T20:00:00Z,2,0,20
24,234,LEI,9,LIV,11,True,2021-02-13T12:30:00Z,3,1,20
24,232,CRY,6,BUR,4,True,2021-02-13T15:00:00Z,0,3,20
24,235,MCI,12,TOT,17,True,2021-02-13T17:30:00Z,3,0,20
24,230,BHA,3,AVL,2,True,2021-02-13T20:00:00Z,0,0,20
24,236,SOU,16,WOL,20,True,2021-02-14T12:00:00Z,1,2,20
24,237,WBA,18,MUN,13,True,2021-02-14T14:00:00Z,1,1,20
24,229,ARS,1,LEE,10,True,2021-02-14T16:30:00Z,4,2,20
24,233,EVE,7,FUL,8,True,2021-02-14T19:00:00Z,0,2,20
24,238,WHU,19,SHU,15,True,2021-02-15T18:00:00Z,3,0,20
24,231,CHE,5,NEW,14,True,2021-02-15T20:00:00Z,2,0,20
24,160,BUR,4,FUL,8,True,2021-02-17T18:00:00Z,1,1,20
24,153,EVE,7,MCI,12,True,2021-02-17T20:15:00Z,1,3,20
25,248,WOL,20,LEE,10,True,2021-02-19T20:00:00Z,1,0,20
25,246,SOU,16,CHE,5,True,2021-02-20T12:30:00Z,1,1,20
25,242,BUR,4,WBA,18,True,2021-02-20T15:00:00Z,0,0,20
25,244,LIV,11,EVE,7,True,2021-02-20T17:30:00Z,0,2,20
25,243,FUL,8,SHU,15,True,2021-02-20T20:00:00Z,1,0,20
25,247,WHU,19,TOT,17,True,2021-02-21T12:00:00Z,2,1,20
25,240,AVL,2,LEI,9,True,2021-02-21T14:05:00Z,1,2,20
25,239,ARS,1,MCI,12,True,2021-02-21T16:30:00Z,0,1,20
25,245,MUN,13,NEW,14,True,2021-02-21T19:00:00Z,3,1,20
25,241,BHA,3,CRY,6,True,2021-02-22T20:00:00Z,1,2,20
25,172,LEE,10,SOU,16,True,2021-02-23T18:00:00Z,3,0,20
26,254,MCI,12,WHU,19,True,2021-02-27T12:30:00Z,2,1,20
26,258,WBA,18,BHA,3,True,2021-02-27T15:00:00Z,1,0,20
26,252,LEE,10,AVL,2,True,2021-02-27T17:30:00Z,0,1,20
26,255,NEW,14,WOL,20,True,2021-02-27T20:00:00Z,1,1,20
26,250,CRY,6,FUL,8,True,2021-02-28T12:00:00Z,0,0,20
26,253,LEI,9,ARS,1,True,2021-02-28T12:00:00Z,1,3,20
26,257,TOT,17,BUR,4,True,2021-02-28T14:00:00Z,4,0,20
26,249,CHE,5,MUN,13,True,2021-02-28T16:30:00Z,0,0,20
26,256,SHU,15,LIV,11,True,2021-02-28T19:15:00Z,0,2,20
26,251,EVE,7,SOU,16,True,2021-03-01T20:00:00Z,1,0,20
26,284,MCI,12,WOL,20,True,2021-03-02T20:00:00Z,4,1,20
26,280,BUR,4,LEI,9,True,2021-03-03T18:00:00Z,1,1,20
26,285,SHU,15,AVL,2,True,2021-03-03T18:00:00Z,1,0,20
26,281,CRY,6,MUN,13,True,2021-03-03T20:15:00Z,0,0,20
26,321,FUL,8,TOT,17,True,2021-03-04T18:00:00Z,0,1,20
26,287,WBA,18,EVE,7,True,2021-03-04T18:00:00Z,0,1,20
26,283,LIV,11,CHE,5,True,2021-03-04T20:15:00Z,0,1,20
27,261,BUR,4,ARS,1,True,2021-03-06T12:30:00Z,1,1,20
27,265,SHU,15,SOU,16,True,2021-03-06T15:00:00Z,0,2,20
27,259,AVL,2,WOL,20,True,2021-03-06T17:30:00Z,0,0,20
27,260,BHA,3,LEI,9,True,2021-03-06T20:00:00Z,1,2,20
27,267,WBA,18,NEW,14,True,2021-03-07T12:00:00Z,0,0,20
27,263,LIV,11,FUL,8,True,2021-03-07T14:00:00Z,0,1,20
27,264,MCI,12,MUN,13,True,2021-03-07T16:30:00Z,0,2,20
27,266,TOT,17,CRY,6,True,2021-03-07T19:15:00Z,4,1,20
27,262,CHE,5,EVE,7,True,2021-03-08T18:00:00Z,2,0,20
27,268,WHU,19,LEE,10,True,2021-03-08T20:00:00Z,2,0,20
27,325,MCI,12,SOU,16,True,2021-03-10T18:00:00Z,5,2,20
28,276,NEW,14,AVL,2,True,2021-03-12T20:00:00Z,1,1,20
28,273,LEE,10,CHE,5,True,2021-03-13T12:30:00Z,0,0,20
28,270,CRY,6,WBA,18,True,2021-03-13T15:00:00Z,1,0,20
28,271,EVE,7,BUR,4,True,2021-03-13T17:30:00Z,1,2,20
28,272,FUL,8,MCI,12,True,2021-03-13T20:00:00Z,0,3,20
28,277,SOU,16,BHA,3,True,2021-03-14T12:00:00Z,1,2,20
28,274,LEI,9,SHU,15,True,2021-03-14T14:00:00Z,5,0,20
28,269,ARS,1,TOT,17,True,2021-03-14T16:30:00Z,2,1,20
28,275,MUN,13,WHU,19,True,2021-03-14T19:15:00Z,1,0,20
28,278,WOL,20,LIV,11,True,2021-03-15T20:00:00Z,0,1,20
29,282,FUL,8,LEE,10,True,2021-03-19T20:00:00Z,1,2,20
29,279,BHA,3,NEW,14,True,2021-03-20T20:00:00Z,3,0,20
29,288,WHU,19,ARS,1,True,2021-03-21T15:00:00Z,3,3,20
29,170,AVL,2,TOT,17,True,2021-03-21T19:30:00Z,0,2,20
30,291,CHE,5,WBA,18,True,2021-04-03T11:30:00Z,2,5,20
30,293,LEE,10,SHU,15,True,2021-04-03T14:00:00Z,2,1,20
30,294,LEI,9,MCI,12,True,2021-04-03T16:30:00Z,0,2,20
30,289,ARS,1,LIV,11,True,2021-04-03T19:00:00Z,0,3,20
30,297,SOU,16,BUR,4,True,2021-04-04T11:00:00Z,3,2,20
30,296,NEW,14,TOT,17,True,2021-04-04T13:05:00Z,2,2,20
30,290,AVL,2,FUL,8,True,2021-04-04T15:30:00Z,3,1,20
30,295,MUN,13,BHA,3,True,2021-04-04T18:30:00Z,2,1,20
30,292,EVE,7,CRY,6,True,2021-04-05T17:00:00Z,1,1,20
30,298,WOL,20,WHU,19,True,2021-04-05T19:15:00Z,2,3,20
31,302,FUL,8,WOL,20,True,2021-04-09T19:00:00Z,0,1,20
31,304,MCI,12,LEE,10,True,2021-04-10T11:30:00Z,1,2,20
31,303,LIV,11,AVL,2,True,2021-04-10T14:00:00Z,2,1,20
31,301,CRY,6,CHE,5,True,2021-04-10T16:30:00Z,1,4,20
31,300,BUR,4,NEW,14,True,2021-04-11T11:00:00Z,1,2,20
31,308,WHU,19,LEI,9,True,2021-04-11T13:05:00Z,3,2,20
31,306,TOT,17,MUN,13,True,2021-04-11T15:30:00Z,1,3,20
31,305,SHU,15,ARS,1,True,2021-04-11T18:00:00Z,0,3,20
31,307,WBA,18,SOU,16,True,2021-04-12T17:00:00Z,3,0,20
31,299,BHA,3,EVE,7,True,2021-04-12T19:15:00Z,0,0,20
32,312,EVE,7,TOT,17,True,2021-04-16T19:00:00Z,2,2,20
32,316,NEW,14,WHU,19,True,2021-04-17T11:30:00Z,3,2,20
32,318,WOL,20,SHU,15,True,2021-04-17T19:15:00Z,1,0,20
32,309,ARS,1,FUL,8,True,2021-04-18T12:30:00Z,1,1,20
32,315,MUN,13,BUR,4,True,2021-04-18T15:00:00Z,3,1,20
32,313,LEE,10,LIV,11,True,2021-04-19T19:00:00Z,1,1,20
32,311,CHE,5,BHA,3,True,2021-04-20T19:15:00Z,0,0,20
32,286,TOT,17,SOU,16,True,2021-04-21T17:00:00Z,2,1,20
32,310,AVL,2,MCI,12,True,2021-04-21T19:15:00Z,1,2,20
32,314,LEI,9,WBA,18,True,2021-04-22T19:00:00Z,3,0,20
33,319,ARS,1,EVE,7,True,2021-04-23T19:00:00Z,0,1,20
33,324,LIV,11,NEW,14,True,2021-04-24T11:30:00Z,1,1,20
33,327,WHU,19,CHE,5,True,2021-04-24T16:30:00Z,0,1,20
33,326,SHU,15,BHA,3,True,2021-04-24T19:00:00Z,1,0,20
33,328,WOL,20,BUR,4,True,2021-04-25T11:00:00Z,0,4,20
33,322,LEE,10,MUN,13,True,2021-04-25T13:00:00Z,0,0,20
33,320,AVL,2,WBA,18,True,2021-04-25T18:00:00Z,2,2,20
33,323,LEI,9,CRY,6,True,2021-04-26T19:00:00Z,2,1,20
34,336,SOU,16,LEI,9,True,2021-04-30T19:00:00Z,1,1,20
34,332,CRY,6,MCI,12,True,2021-05-01T11:30:00Z,0,2,20
34,329,BHA,3,LEE,10,True,2021-05-01T14:00:00Z,2,0,20
34,331,CHE,5,FUL,8,True,2021-05-01T16:30:00Z,2,0,20
34,333,EVE,7,AVL,2,True,2021-05-01T19:00:00Z,1,2,20
34,335,NEW,14,ARS,1,True,2021-05-02T13:00:00Z,0,2,20
34,337,TOT,17,SHU,15,True,2021-05-02T18:15:00Z,4,0,20
34,338,WBA,18,WOL,20,True,2021-05-03T17:00:00Z,1,1,20
34,330,BUR,4,WHU,19,True,2021-05-03T19:15:00Z,1,2,20
35,343,LEI,9,NEW,14,True,2021-05-07T19:00:00Z,2,4,20
35,342,LEE,10,TOT,17,True,2021-05-08T11:30:00Z,3,1,20
35,346,SHU,15,CRY,6,True,2021-05-08T14:00:00Z,0,2,20
35,345,MCI,12,CHE,5,True,2021-05-08T16:30:00Z,1,2,20
35,344,LIV,11,SOU,16,True,2021-05-08T19:15:00Z,2,0,20
35,348,WOL,20,BHA,3,True,2021-05-09T11:00:00Z,2,1,20
35,340,AVL,2,MUN,13,True,2021-05-09T13:05:00Z,1,3,20
35,347,WHU,19,EVE,7,True,2021-05-09T15:30:00Z,0,1,20
35,339,ARS,1,WBA,18,True,2021-05-09T18:00:00Z,3,1,20
35,341,FUL,8,BUR,4,True,2021-05-10T19:00:00Z,0,2,20
35,352,MUN,13,LEI,9,True,2021-05-11T17:00:00Z,1,2,20
35,317,SOU,16,CRY,6,True,2021-05-11T19:15:00Z,3,1,20
35,354,CHE,5,ARS,1,True,2021-05-12T19:15:00Z,0,1,20
35,180,AVL,2,EVE,7,True,2021-05-13T17:00:00Z,0,0,20
35,334,MUN,13,LIV,11,True,2021-05-13T19:15:00Z,2,4,20
36,356,NEW,14,MCI,12,True,2021-05-14T19:00:00Z,3,4,20
36,350,BUR,4,LEE,10,True,2021-05-15T11:30:00Z,0,4,20
36,357,SOU,16,FUL,8,True,2021-05-15T14:00:00Z,3,1,20
36,349,BHA,3,WHU,19,True,2021-05-15T19:00:00Z,1,1,20
36,355,CRY,6,AVL,2,True,2021-05-16T11:00:00Z,3,2,20
36,358,TOT,17,WOL,20,True,2021-05-16T13:05:00Z,2,0,20
36,353,WBA,18,LIV,11,True,2021-05-16T15:30:00Z,1,2,20
36,351,EVE,7,SHU,15,True,2021-05-16T18:00:00Z,0,1,20
37,364,MUN,13,FUL,8,True,2021-05-18T17:00:00Z,1,1,20
37,366,SOU,16,LEE,10,True,2021-05-18T17:00:00Z,0,2,20
37,359,BHA,3,MCI,12,True,2021-05-18T18:00:00Z,3,2,20
37,361,CHE,5,LEI,9,True,2021-05-18T19:15:00Z,2,1,20
37,363,EVE,7,WOL,20,True,2021-05-19T17:00:00Z,1,0,20
37,365,NEW,14,SHU,15,True,2021-05-19T17:00:00Z,1,0,20
37,367,TOT,17,AVL,2,True,2021-05-19T17:00:00Z,1,2,20
37,362,CRY,6,ARS,1,True,2021-05-19T18:00:00Z,1,3,20
37,360,BUR,4,LIV,11,True,2021-05-19T19:15:00Z,0,3,20
37,368,WBA,18,WHU,19,True,2021-05-19T19:15:00Z,1,3,20
38,369,ARS,1,BHA,3,True,2021-05-23T15:00:00Z,2,0,20
38,370,AVL,2,CHE,5,True,2021-05-23T15:00:00Z,2,1,20
38,371,FUL,8,NEW,14,True,2021-05-23T15:00:00Z,0,2,20
38,372,LEE,10,WBA,18,True,2021-05-23T15:00:00Z,3,1,20
38,373,LEI,9,TOT,17,True,2021-05-23T15:00:00Z,2,4,20
38,374,LIV,11,CRY,6,True,2021-05-23T15:00:00Z,2,0,20
38,375,MCI,12,EVE,7,True,2021-05-23T15:00:00Z,5,0,20
38,376,SHU,15,BUR,4,True,2021-05-23T15:00:00Z,1,0,20
38,377,WHU,19,SOU,16,True,2021-05-23T15:00:00Z,3,0,20
38,378,WOL,20,MUN,13,True,2021-05-23T15:00:00Z,1,2,20
1,1,BRE,3,ARS,1,True,2021-08-13T19:00:00Z,2,0,21
1,6,MUN,13,LEE,10,True,2021-08-14T11:30:00Z,5,1,21
1,2,BUR,5,BHA,4,True,2021-08-14T14:00:00Z,1,2,21
1,3,CHE,6,CRY,7,True,2021-08-14T14:00:00Z,3,0,21
1,4,EVE,8,SOU,16,True,2021-08-14T14:00:00Z,3,1,21
1,5,LEI,9,WOL,20,True,2021-08-14T14:00:00Z,1,0,21
1,8,WAT,18,AVL,2,True,2021-08-14T14:00:00Z,3,2,21
1,7,NOR,15,LIV,11,True,2021-08-14T16:30:00Z,0,3,21
1,9,NEW,14,WHU,19,True,2021-08-15T13:00:00Z,2,4,21
1,10,TOT,17,MCI,12,True,2021-08-15T15:30:00Z,1,0,21
2,15,LIV,11,BUR,5,True,2021-08-21T11:30:00Z,2,0,21
2,11,AVL,2,NEW,14,True,2021-08-21T14:00:00Z,2,0,21
2,13,CRY,7,BRE,3,True,2021-08-21T14:00:00Z,0,0,21
2,14,LEE,10,EVE,8,True,2021-08-21T14:00:00Z,2,2,21
2,16,MCI,12,NOR,15,True,2021-08-21T14:00:00Z,5,0,21
2,12,BHA,4,WAT,18,True,2021-08-21T16:30:00Z,2,0,21
2,19,SOU,16,MUN,13,True,2021-08-22T13:00:00Z,1,1,21
2,17,WOL,20,TOT,17,True,2021-08-22T13:00:00Z,0,1,21
2,18,ARS,1,CHE,6,True,2021-08-22T15:30:00Z,0,2,21
2,20,WHU,19,LEI,9,True,2021-08-23T19:00:00Z,4,1,21
3,24,MCI,12,ARS,1,True,2021-08-28T11:30:00Z,5,0,21
3,21,AVL,2,BRE,3,True,2021-08-28T14:00:00Z,1,1,21
3,22,BHA,4,EVE,8,True,2021-08-28T14:00:00Z,0,2,21
3,25,NEW,14,SOU,16,True,2021-08-28T14:00:00Z,2,2,21
3,26,NOR,15,LEI,9,True,2021-08-28T14:00:00Z,1,2,21
3,28,WHU,19,CRY,7,True,2021-08-28T14:00:00Z,2,2,21
3,23,LIV,11,CHE,6,True,2021-08-28T16:30:00Z,1,1,21
3,29,BUR,5,LEE,10,True,2021-08-29T13:00:00Z,1,1,21
3,27,TOT,17,WAT,18,True,2021-08-29T13:00:00Z,1,0,21
3,30,WOL,20,MUN,13,True,2021-08-29T15:30:00Z,0,1,21
4,34,CRY,7,TOT,17,True,2021-09-11T11:30:00Z,3,0,21
4,31,ARS,1,NOR,15,True,2021-09-11T14:00:00Z,1,0,21
4,32,BRE,3,BHA,4,True,2021-09-11T14:00:00Z,0,1,21
4,37,LEI,9,MCI,12,True,2021-09-11T14:00:00Z,0,1,21
4,38,MUN,13,NEW,14,True,2021-09-11T14:00:00Z,4,1,21
4,39,SOU,16,WHU,19,True,2021-09-11T14:00:00Z,0,0,21
4,40,WAT,18,WOL,20,True,2021-09-11T14:00:00Z,0,2,21
4,33,CHE,6,AVL,2,True,2021-09-11T16:30:00Z,3,0,21
4,36,LEE,10,LIV,11,True,2021-09-12T15:30:00Z,0,3,21
4,35,EVE,8,BUR,5,True,2021-09-13T19:00:00Z,3,1,21
5,46,NEW,14,LEE,10,True,2021-09-17T19:00:00Z,1,1,21
5,50,WOL,20,BRE,3,True,2021-09-18T11:30:00Z,0,2,21
5,43,BUR,5,ARS,1,True,2021-09-18T14:00:00Z,0,1,21
5,44,LIV,11,CRY,7,True,2021-09-18T14:00:00Z,3,0,21
5,45,MCI,12,SOU,16,True,2021-09-18T14:00:00Z,0,0,21
5,47,NOR,15,WAT,18,True,2021-09-18T14:00:00Z,1,3,21
5,41,AVL,2,EVE,8,True,2021-09-18T16:30:00Z,3,0,21
5,42,BHA,4,LEI,9,True,2021-09-19T13:00:00Z,2,1,21
5,49,WHU,19,MUN,13,True,2021-09-19T13:00:00Z,1,2,21
5,48,TOT,17,CHE,6,True,2021-09-19T15:30:00Z,0,3,21
6,53,CHE,6,MCI,12,True,2021-09-25T11:30:00Z,0,1,21
6,58,MUN,13,AVL,2,True,2021-09-25T11:30:00Z,0,1,21
6,55,EVE,8,NOR,15,True,2021-09-25T14:00:00Z,2,0,21
6,56,LEE,10,WHU,19,True,2021-09-25T14:00:00Z,1,2,21
6,57,LEI,9,BUR,5,True,2021-09-25T14:00:00Z,2,2,21
6,60,WAT,18,NEW,14,True,2021-09-25T14:00:00Z,1,1,21
6,52,BRE,3,LIV,11,True,2021-09-25T16:30:00Z,3,3,21
6,59,SOU,16,WOL,20,True,2021-09-26T13:00:00Z,0,1,21
6,51,ARS,1,TOT,17,True,2021-09-26T15:30:00Z,3,1,21
6,54,CRY,7,BHA,4,True,2021-09-27T19:00:00Z,1,1,21
7,67,MUN,13,EVE,8,True,2021-10-02T11:30:00Z,1,1,21
7,62,BUR,5,NOR,15,True,2021-10-02T14:00:00Z,0,0,21
7,63,CHE,6,SOU,16,True,2021-10-02T14:00:00Z,3,1,21
7,65,LEE,10,WAT,18,True,2021-10-02T14:00:00Z,1,0,21
7,70,WOL,20,NEW,14,True,2021-10-02T14:00:00Z,2,1,21
7,61,BHA,4,ARS,1,True,2021-10-02T16:30:00Z,0,0,21
7,64,CRY,7,LEI,9,True,2021-10-03T13:00:00Z,2,2,21
7,68,TOT,17,AVL,2,True,2021-10-03T13:00:00Z,2,1,21
7,69,WHU,19,BRE,3,True,2021-10-03T13:00:00Z,1,2,21
7,66,LIV,11,MCI,12,True,2021-10-03T15:30:00Z,2,2,21
8,80,WAT,18,LIV,11,True,2021-10-16T11:30:00Z,0,5,21
8,72,AVL,2,WOL,20,True,2021-10-16T14:00:00Z,2,3,21
8,75,LEI,9,MUN,13,True,2021-10-16T14:00:00Z,4,2,21
8,76,MCI,12,BUR,5,True,2021-10-16T14:00:00Z,2,0,21
8,78,NOR,15,BHA,4,True,2021-10-16T14:00:00Z,0,0,21
8,79,SOU,16,LEE,10,True,2021-10-16T14:00:00Z,1,0,21
8,73,BRE,3,CHE,6,True,2021-10-16T16:30:00Z,0,1,21
8,74,EVE,8,WHU,19,True,2021-10-17T13:00:00Z,0,1,21
8,77,NEW,14,TOT,17,True,2021-10-17T15:30:00Z,2,3,21
8,71,ARS,1,CRY,7,True,2021-10-18T19:00:00Z,2,2,21
9,81,ARS,1,AVL,2,True,2021-10-22T19:00:00Z,3,1,21
9,84,CHE,6,NOR,15,True,2021-10-23T11:30:00Z,7,0,21
9,85,CRY,7,NEW,14,True,2021-10-23T14:00:00Z,1,1,21
9,86,EVE,8,WAT,18,True,2021-10-23T14:00:00Z,2,5,21
9,87,LEE,10,WOL,20,True,2021-10-23T14:00:00Z,1,1,21
9,89,SOU,16,BUR,5,True,2021-10-23T14:00:00Z,2,2,21
9,83,BHA,4,MCI,12,True,2021-10-23T16:30:00Z,1,4,21
9,82,BRE,3,LEI,9,True,2021-10-24T13:00:00Z,1,2,21
9,90,WHU,19,TOT,17,True,2021-10-24T13:00:00Z,1,0,21
9,88,MUN,13,LIV,11,True,2021-10-24T15:30:00Z,0,5,21
10,93,LEI,9,ARS,1,True,2021-10-30T11:30:00Z,0,2,21
10,92,BUR,5,BRE,3,True,2021-10-30T14:00:00Z,3,1,21
10,94,LIV,11,BHA,4,True,2021-10-30T14:00:00Z,2,2,21
10,95,MCI,12,CRY,7,True,2021-10-30T14:00:00Z,0,2,21
10,96,NEW,14,CHE,6,True,2021-10-30T14:00:00Z,0,3,21
10,99,WAT,18,SOU,16,True,2021-10-30T14:00:00Z,0,1,21
10,98,TOT,17,MUN,13,True,2021-10-30T16:30:00Z,0,3,21
10,97,NOR,15,LEE,10,True,2021-10-31T14:00:00Z,1,2,21
10,91,AVL,2,WHU,19,True,2021-10-31T16:30:00Z,1,4,21
10,100,WOL,20,EVE,8,True,2021-11-01T20:00:00Z,2,1,21
11,109,SOU,16,AVL,2,True,2021-11-05T20:00:00Z,1,0,21
11,108,MUN,13,MCI,12,True,2021-11-06T12:30:00Z,0,2,21
11,102,BRE,3,NOR,15,True,2021-11-06T15:00:00Z,1,2,21
11,104,CHE,6,BUR,5,True,2021-11-06T15:00:00Z,1,1,21
11,105,CRY,7,WOL,20,True,2021-11-06T15:00:00Z,2,0,21
11,103,BHA,4,NEW,14,True,2021-11-06T17:30:00Z,1,1,21
11,101,ARS,1,WAT,18,True,2021-11-07T14:00:00Z,1,0,21
11,106,EVE,8,TOT,17,True,2021-11-07T14:00:00Z,0,0,21
11,107,LEE,10,LEI,9,True,2021-11-07T14:00:00Z,1,1,21
11,110,WHU,19,LIV,11,True,2021-11-07T16:30:00Z,3,2,21
12,113,LEI,9,CHE,6,True,2021-11-20T12:30:00Z,0,3,21
12,111,AVL,2,BHA,4,True,2021-11-20T15:00:00Z,2,0,21
12,112,BUR,5,CRY,7,True,2021-11-20T15:00:00Z,3,3,21
12,116,NEW,14,BRE,3,True,2021-11-20T15:00:00Z,3,3,21
12,117,NOR,15,SOU,16,True,2021-11-20T15:00:00Z,2,1,21
12,119,WAT,18,MUN,13,True,2021-11-20T15:00:00Z,4,1,21
12,120,WOL,20,WHU,19,True,2021-11-20T15:00:00Z,1,0,21
12,114,LIV,11,ARS,1,True,2021-11-20T17:30:00Z,4,0,21
12,115,MCI,12,EVE,8,True,2021-11-21T14:00:00Z,3,0,21
12,118,TOT,17,LEE,10,True,2021-11-21T16:30:00Z,2,1,21
13,121,ARS,1,NEW,14,True,2021-11-27T12:30:00Z,2,0,21
13,126,CRY,7,AVL,2,True,2021-11-27T15:00:00Z,1,2,21
13,128,LIV,11,SOU,16,True,2021-11-27T15:00:00Z,4,0,21
13,130,NOR,15,WOL,20,True,2021-11-27T15:00:00Z,0,0,21
13,123,BHA,4,LEE,10,True,2021-11-27T17:30:00Z,0,0,21
13,122,BRE,3,EVE,8,True,2021-11-28T14:00:00Z,1,0,21
13,127,LEI,9,WAT,18,True,2021-11-28T14:00:00Z,4,2,21
13,129,MCI,12,WHU,19,True,2021-11-28T14:00:00Z,2,1,21
13,125,CHE,6,MUN,13,True,2021-11-28T16:30:00Z,1,1,21
14,138,NEW,14,NOR,15,True,2021-11-30T19:30:00Z,1,1,21
14,133,LEE,10,CRY,7,True,2021-11-30T20:15:00Z,1,0,21
14,139,SOU,16,LEI,9,True,2021-12-01T19:30:00Z,2,2,21
14,135,WAT,18,CHE,6,True,2021-12-01T19:30:00Z,1,2,21
14,136,WHU,19,BHA,4,True,2021-12-01T19:30:00Z,1,1,21
14,137,WOL,20,BUR,5,True,2021-12-01T19:30:00Z,0,0,21
14,131,AVL,2,MCI,12,True,2021-12-01T20:15:00Z,1,2,21
14,132,EVE,8,LIV,11,True,2021-12-01T20:15:00Z,1,4,21
14,140,TOT,17,BRE,3,True,2021-12-02T19:30:00Z,2,0,21
14,134,MUN,13,ARS,1,True,2021-12-02T20:15:00Z,3,2,21
15,149,WHU,19,CHE,6,True,2021-12-04T12:30:00Z,3,2,21
15,145,NEW,14,BUR,5,True,2021-12-04T15:00:00Z,1,0,21
15,146,SOU,16,BHA,4,True,2021-12-04T15:00:00Z,1,1,21
15,150,WOL,20,LIV,11,True,2021-12-04T15:00:00Z,0,1,21
15,148,WAT,18,MCI,12,True,2021-12-04T17:30:00Z,1,3,21
15,143,LEE,10,BRE,3,True,2021-12-05T14:00:00Z,2,2,21
15,144,MUN,13,CRY,7,True,2021-12-05T14:00:00Z,1,0,21
15,147,TOT,17,NOR,15,True,2021-12-05T14:00:00Z,3,0,21
15,141,AVL,2,LEI,9,True,2021-12-05T16:30:00Z,2,1,21
15,142,EVE,8,ARS,1,True,2021-12-06T20:00:00Z,2,1,21
16,152,BRE,3,WAT,18,True,2021-12-10T20:00:00Z,2,1,21
16,159,MCI,12,WOL,20,True,2021-12-11T12:30:00Z,1,0,21
16,151,ARS,1,SOU,16,True,2021-12-11T15:00:00Z,3,0,21
16,155,CHE,6,LEE,10,True,2021-12-11T15:00:00Z,3,2,21
16,158,LIV,11,AVL,2,True,2021-12-11T15:00:00Z,1,0,21
16,160,NOR,15,MUN,13,True,2021-12-11T17:30:00Z,0,1,21
16,154,BUR,5,WHU,19,True,2021-12-12T14:00:00Z,0,0,21
16,157,LEI,9,NEW,14,True,2021-12-12T14:00:00Z,4,0,21
16,156,CRY,7,EVE,8,True,2021-12-12T16:30:00Z,3,1,21
17,167,NOR,15,AVL,2,True,2021-12-14T19:45:00Z,0,2,21
17,170,MCI,12,LEE,10,True,2021-12-14T20:00:00Z,7,0,21
17,163,BHA,4,WOL,20,True,2021-12-15T19:30:00Z,0,1,21
17,165,CRY,7,SOU,16,True,2021-12-15T19:30:00Z,2,2,21
17,161,ARS,1,WHU,19,True,2021-12-15T20:00:00Z,2,0,21
17,168,CHE,6,EVE,8,True,2021-12-16T19:45:00Z,1,1,21
17,169,LIV,11,NEW,14,True,2021-12-16T20:00:00Z,3,1,21
18,173,LEE,10,ARS,1,True,2021-12-18T17:30:00Z,1,4,21
18,175,NEW,14,MCI,12,True,2021-12-19T14:00:00Z,0,4,21
18,180,WOL,20,CHE,6,True,2021-12-19T14:00:00Z,0,0,21
18,177,TOT,17,LIV,11,True,2021-12-19T16:30:00Z,2,2,21
19,185,MCI,12,LEI,9,True,2021-12-26T15:00:00Z,6,3,21
19,187,NOR,15,ARS,1,True,2021-12-26T15:00:00Z,0,5,21
19,188,TOT,17,CRY,7,True,2021-12-26T15:00:00Z,3,0,21
19,189,WHU,19,SOU,16,True,2021-12-26T15:00:00Z,2,3,21
19,181,AVL,2,CHE,6,True,2021-12-26T17:30:00Z,1,3,21
19,182,BHA,4,BRE,3,True,2021-12-26T20:00:00Z,2,0,21
19,186,NEW,14,MUN,13,True,2021-12-27T20:00:00Z,1,1,21
20,194,CRY,7,NOR,15,True,2021-12-28T15:00:00Z,3,0,21
20,199,SOU,16,TOT,17,True,2021-12-28T15:00:00Z,1,1,21
20,200,WAT,18,WHU,19,True,2021-12-28T15:00:00Z,1,4,21
20,197,LEI,9,LIV,11,True,2021-12-28T20:00:00Z,1,0,21
20,193,CHE,6,BHA,4,True,2021-12-29T19:30:00Z,1,1,21
20,192,BRE,3,MCI,12,True,2021-12-29T20:15:00Z,0,1,21
20,198,MUN,13,BUR,5,True,2021-12-30T20:15:00Z,3,1,21
21,201,ARS,1,MCI,12,True,2022-01-01T12:30:00Z,1,2,21
21,210,WAT,18,TOT,17,True,2022-01-01T15:00:00Z,0,1,21
21,204,CRY,7,WHU,19,True,2022-01-01T17:30:00Z,2,3,21
21,202,BRE,3,AVL,2,True,2022-01-02T14:00:00Z,2,1,21
21,205,EVE,8,BHA,4,True,2022-01-02T14:00:00Z,2,3,21
21,206,LEE,10,BUR,5,True,2022-01-02T14:00:00Z,3,1,21
21,203,CHE,6,LIV,11,True,2022-01-02T16:30:00Z,2,2,21
21,208,MUN,13,WOL,20,True,2022-01-03T17:30:00Z,0,1,21
21,176,SOU,16,BRE,3,True,2022-01-11T19:45:00Z,4,1,21
21,179,WHU,19,NOR,15,True,2022-01-12T19:45:00Z,2,0,21
22,212,BHA,4,CRY,7,True,2022-01-14T20:00:00Z,1,1,21
22,215,MCI,12,CHE,6,True,2022-01-15T12:30:00Z,1,0,21
22,216,NEW,14,WAT,18,True,2022-01-15T15:00:00Z,1,1,21
22,217,NOR,15,EVE,8,True,2022-01-15T15:00:00Z,2,1,21
22,220,WOL,20,SOU,16,True,2022-01-15T15:00:00Z,3,1,21
22,211,AVL,2,MUN,13,True,2022-01-15T17:30:00Z,2,2,21
22,214,LIV,11,BRE,3,True,2022-01-16T14:00:00Z,3,0,21
22,219,WHU,19,LEE,10,True,2022-01-16T14:00:00Z,2,3,21
22,232,BHA,4,CHE,6,True,2022-01-18T20:00:00Z,1,1,21
22,166,LEI,9,TOT,17,True,2022-01-19T19:30:00Z,2,3,21
22,162,BRE,3,MUN,13,True,2022-01-19T20:00:00Z,1,3,21
23,230,WAT,18,NOR,15,True,2022-01-21T20:00:00Z,0,3,21
23,225,EVE,8,AVL,2,True,2022-01-22T12:30:00Z,0,1,21
23,222,BRE,3,WOL,20,True,2022-01-22T15:00:00Z,1,2,21
23,226,LEE,10,NEW,14,True,2022-01-22T15:00:00Z,0,1,21
23,228,MUN,13,WHU,19,True,2022-01-22T15:00:00Z,1,0,21
23,229,SOU,16,MCI,12,True,2022-01-22T17:30:00Z,1,1,21
23,221,ARS,1,BUR,5,True,2022-01-23T14:00:00Z,0,0,21
23,224,CRY,7,LIV,11,True,2022-01-23T14:00:00Z,1,3,21
23,227,LEI,9,BHA,4,True,2022-01-23T14:00:00Z,1,1,21
23,223,CHE,6,TOT,17,True,2022-01-23T16:30:00Z,2,0,21
23,164,BUR,5,WAT,18,True,2022-02-05T18:00:00Z,0,0,21
24,239,NEW,14,EVE,8,True,2022-02-08T19:45:00Z,3,1,21
24,235,WHU,19,WAT,18,True,2022-02-08T19:45:00Z,1,0,21
24,233,BUR,5,MUN,13,True,2022-02-08T20:00:00Z,1,1,21
24,238,MCI,12,BRE,3,True,2022-02-09T19:45:00Z,2,0,21
24,234,NOR,15,CRY,7,True,2022-02-09T19:45:00Z,1,1,21
24,240,TOT,17,SOU,16,True,2022-02-09T19:45:00Z,2,3,21
24,231,AVL,2,LEE,10,True,2022-02-09T20:00:00Z,3,3,21
24,237,LIV,11,LEI,9,True,2022-02-10T19:45:00Z,2,0,21
24,236,WOL,20,ARS,1,True,2022-02-10T19:45:00Z,0,1,21
25,246,MUN,13,SOU,16,True,2022-02-12T12:30:00Z,1,1,21
25,241,BRE,3,CRY,7,True,2022-02-12T15:00:00Z,0,0,21
25,244,EVE,8,LEE,10,True,2022-02-12T15:00:00Z,3,0,21
25,250,WAT,18,BHA,4,True,2022-02-12T15:00:00Z,0,2,21
25,248,NOR,15,MCI,12,True,2022-02-12T17:30:00Z,0,4,21
25,242,BUR,5,LIV,11,True,2022-02-13T14:00:00Z,0,1,21
25,247,NEW,14,AVL,2,True,2022-02-13T14:00:00Z,1,0,21
25,249,TOT,17,WOL,20,True,2022-02-13T14:00:00Z,0,2,21
25,245,LEI,9,WHU,19,True,2022-02-13T16:30:00Z,2,2,21
25,174,MUN,13,BHA,4,True,2022-02-15T20:15:00Z,2,0,21
26,259,WHU,19,NEW,14,True,2022-02-19T12:30:00Z,1,1,21
26,251,ARS,1,BRE,3,True,2022-02-19T15:00:00Z,2,1,21
26,252,AVL,2,WAT,18,True,2022-02-19T15:00:00Z,0,1,21
26,253,BHA,4,BUR,5,True,2022-02-19T15:00:00Z,0,3,21
26,254,CRY,7,CHE,6,True,2022-02-19T15:00:00Z,0,1,21
26,256,LIV,11,NOR,15,True,2022-02-19T15:00:00Z,3,1,21
26,258,SOU,16,EVE,8,True,2022-02-19T15:00:00Z,2,0,21
26,257,MCI,12,TOT,17,True,2022-02-19T17:30:00Z,2,3,21
26,255,LEE,10,MUN,13,True,2022-02-20T14:00:00Z,2,4,21
26,260,WOL,20,LEI,9,True,2022-02-20T16:30:00Z,2,1,21
26,124,BUR,5,TOT,17,True,2022-02-23T19:30:00Z,1,0,21
26,178,WAT,18,CRY,7,True,2022-02-23T19:30:00Z,1,4,21
26,184,LIV,11,LEE,10,True,2022-02-23T19:45:00Z,6,0,21
26,191,ARS,1,WOL,20,True,2022-02-24T19:45:00Z,2,1,21
27,269,SOU,16,NOR,15,True,2022-02-25T20:00:00Z,2,0,21
27,267,LEE,10,TOT,17,True,2022-02-26T12:30:00Z,0,4,21
27,262,BRE,3,NEW,14,True,2022-02-26T15:00:00Z,0,2,21
27,265,CRY,7,BUR,5,True,2022-02-26T15:00:00Z,1,1,21
27,268,MUN,13,WAT,18,True,2022-02-26T15:00:00Z,0,0,21
27,263,BHA,4,AVL,2,True,2022-02-26T15:30:00Z,0,2,21
27,266,EVE,8,MCI,12,True,2022-02-26T17:30:00Z,0,1,21
27,270,WHU,19,WOL,20,True,2022-02-27T14:00:00Z,1,0,21
27,213,BUR,5,LEI,9,True,2022-03-01T19:45:00Z,0,2,21
28,273,LEI,9,LEE,10,True,2022-03-05T12:30:00Z,1,0,21
28,271,AVL,2,SOU,16,True,2022-03-05T15:00:00Z,4,0,21
28,272,BUR,5,CHE,6,True,2022-03-05T15:00:00Z,0,4,21
28,276,NEW,14,BHA,4,True,2022-03-05T15:00:00Z,2,1,21
28,277,NOR,15,BRE,3,True,2022-03-05T15:00:00Z,1,3,21
28,280,WOL,20,CRY,7,True,2022-03-05T15:00:00Z,0,2,21
28,274,LIV,11,WHU,19,True,2022-03-05T17:30:00Z,1,0,21
28,279,WAT,18,ARS,1,True,2022-03-06T14:00:00Z,2,3,21
28,275,MCI,12,MUN,13,True,2022-03-06T16:30:00Z,4,1,21
28,278,TOT,17,EVE,8,True,2022-03-07T20:00:00Z,5,0,21
28,297,NOR,15,CHE,6,True,2022-03-10T19:30:00Z,1,3,21
28,209,SOU,16,NEW,14,True,2022-03-10T19:30:00Z,1,2,21
28,190,WOL,20,WAT,18,True,2022-03-10T19:30:00Z,4,0,21
28,196,LEE,10,AVL,2,True,2022-03-10T19:45:00Z,0,3,21
29,283,BHA,4,LIV,11,True,2022-03-12T12:30:00Z,0,2,21
29,282,BRE,3,BUR,5,True,2022-03-12T15:00:00Z,2,0,21
29,288,MUN,13,TOT,17,True,2022-03-12T17:30:00Z,3,2,21
29,284,CHE,6,NEW,14,True,2022-03-13T14:00:00Z,1,0,21
29,286,EVE,8,WOL,20,True,2022-03-13T14:00:00Z,0,1,21
29,287,LEE,10,NOR,15,True,2022-03-13T14:00:00Z,2,1,21
29,289,SOU,16,WAT,18,True,2022-03-13T14:00:00Z,1,2,21
29,290,WHU,19,AVL,2,True,2022-03-13T14:00:00Z,2,1,21
29,281,ARS,1,LEI,9,True,2022-03-13T16:30:00Z,2,0,21
29,285,CRY,7,MCI,12,True,2022-03-14T20:00:00Z,0,0,21
29,153,BHA,4,TOT,17,True,2022-03-16T19:30:00Z,0,2,21
29,261,ARS,1,LIV,11,True,2022-03-16T20:15:00Z,0,2,21
29,195,EVE,8,NEW,14,True,2022-03-17T19:45:00Z,1,0,21
30,300,WOL,20,LEE,10,True,2022-03-18T20:00:00Z,2,3,21
30,291,AVL,2,ARS,1,True,2022-03-19T12:30:00Z,0,1,21
30,293,LEI,9,BRE,3,True,2022-03-20T14:00:00Z,2,1,21
30,298,TOT,17,WHU,19,True,2022-03-20T16:30:00Z,3,1,21
31,306,LIV,11,WAT,18,True,2022-04-02T11:30:00Z,2,0,21
31,301,BHA,4,NOR,15,True,2022-04-02T14:00:00Z,0,0,21
31,302,BUR,5,MCI,12,True,2022-04-02T14:00:00Z,0,2,21
31,303,CHE,6,BRE,3,True,2022-04-02T14:00:00Z,1,4,21
31,305,LEE,10,SOU,16,True,2022-04-02T14:00:00Z,1,1,21
31,310,WOL,20,AVL,2,True,2022-04-02T14:00:00Z,2,1,21
31,307,MUN,13,LEI,9,True,2022-04-02T16:30:00Z,1,1,21
31,309,WHU,19,EVE,8,True,2022-04-03T13:00:00Z,2,1,21
31,308,TOT,17,NEW,14,True,2022-04-03T15:30:00Z,5,1,21
31,304,CRY,7,ARS,1,True,2022-04-04T19:00:00Z,3,0,21
31,183,BUR,5,EVE,8,True,2022-04-06T18:30:00Z,3,2,21
32,317,NEW,14,WOL,20,True,2022-04-08T19:00:00Z,1,0,21
32,314,EVE,8,MUN,13,True,2022-04-09T11:30:00Z,1,0,21
32,311,ARS,1,BHA,4,True,2022-04-09T14:00:00Z,1,2,21
32,319,SOU,16,CHE,6,True,2022-04-09T14:00:00Z,0,6,21
32,320,WAT,18,LEE,10,True,2022-04-09T14:00:00Z,0,3,21
32,312,AVL,2,TOT,17,True,2022-04-09T16:30:00Z,0,4,21
32,313,BRE,3,WHU,19,True,2022-04-10T13:00:00Z,2,0,21
32,315,LEI,9,CRY,7,True,2022-04-10T13:00:00Z,2,1,21
32,318,NOR,15,BUR,5,True,2022-04-10T13:00:00Z,2,0,21
32,316,MCI,12,LIV,11,True,2022-04-10T15:30:00Z,2,2,21
33,327,TOT,17,BHA,4,True,2022-04-16T11:30:00Z,0,1,21
33,324,MUN,13,NOR,15,True,2022-04-16T14:00:00Z,3,2,21
33,326,SOU,16,ARS,1,True,2022-04-16T14:00:00Z,1,0,21
33,328,WAT,18,BRE,3,True,2022-04-16T14:00:00Z,1,2,21
33,325,NEW,14,LEI,9,True,2022-04-17T13:15:00Z,2,1,21
33,329,WHU,19,BUR,5,True,2022-04-17T13:15:00Z,1,1,21
33,294,LIV,11,MUN,13,True,2022-04-19T19:00:00Z,4,0,21
33,243,CHE,6,ARS,1,True,2022-04-20T18:45:00Z,2,4,21
33,172,EVE,8,LEI,9,True,2022-04-20T18:45:00Z,1,1,21
33,296,NEW,14,CRY,7,True,2022-04-20T18:45:00Z,1,0,21
33,295,MCI,12,BHA,4,True,2022-04-20T19:00:00Z,3,0,21
33,292,BUR,5,SOU,16,True,2022-04-21T18:45:00Z,2,0,21
34,331,ARS,1,MUN,13,True,2022-04-23T11:30:00Z,3,1,21
34,337,LEI,9,AVL,2,True,2022-04-23T14:00:00Z,0,0,21
34,339,MCI,12,WAT,18,True,2022-04-23T14:00:00Z,5,1,21
34,340,NOR,15,NEW,14,True,2022-04-23T14:00:00Z,0,3,21
34,332,BRE,3,TOT,17,True,2022-04-23T16:30:00Z,0,0,21
34,333,BHA,4,SOU,16,True,2022-04-24T13:00:00Z,2,2,21
34,334,BUR,5,WOL,20,True,2022-04-24T13:00:00Z,1,0,21
34,335,CHE,6,WHU,19,True,2022-04-24T13:00:00Z,1,0,21
34,338,LIV,11,EVE,8,True,2022-04-24T15:30:00Z,2,0,21
34,336,CRY,7,LEE,10,True,2022-04-25T19:00:00Z,0,0,21
34,364,MUN,13,CHE,6,True,2022-04-28T18:45:00Z,1,1,21
35,345,NEW,14,LIV,11,True,2022-04-30T11:30:00Z,0,1,21
35,341,AVL,2,NOR,15,True,2022-04-30T14:00:00Z,2,0,21
35,346,SOU,16,CRY,7,True,2022-04-30T14:00:00Z,1,2,21
35,348,WAT,18,BUR,5,True,2022-04-30T14:00:00Z,1,2,21
35,350,WOL,20,BHA,4,True,2022-04-30T14:00:00Z,0,3,21
35,343,LEE,10,MCI,12,True,2022-04-30T16:30:00Z,0,4,21
35,342,EVE,8,CHE,6,True,2022-05-01T13:00:00Z,1,0,21
35,347,TOT,17,LEI,9,True,2022-05-01T13:00:00Z,3,1,21
35,349,WHU,19,ARS,1,True,2022-05-01T15:30:00Z,1,2,21
35,344,MUN,13,BRE,3,True,2022-05-02T19:00:00Z,3,0,21
36,352,BRE,3,SOU,16,True,2022-05-07T14:00:00Z,3,0,21
36,354,BUR,5,AVL,2,True,2022-05-07T14:00:00Z,1,3,21
36,355,CHE,6,WOL,20,True,2022-05-07T14:00:00Z,2,2,21
36,356,CRY,7,WAT,18,True,2022-05-07T14:00:00Z,1,0,21
36,353,BHA,4,MUN,13,True,2022-05-07T16:30:00Z,4,0,21
36,358,LIV,11,TOT,17,True,2022-05-07T18:45:00Z,1,1,21
36,351,ARS,1,LEE,10,True,2022-05-08T13:00:00Z,2,1,21
36,357,LEI,9,EVE,8,True,2022-05-08T13:00:00Z,1,2,21
36,360,NOR,15,WHU,19,True,2022-05-08T13:00:00Z,0,4,21
36,359,MCI,12,NEW,14,True,2022-05-08T15:30:00Z,5,0,21
36,321,AVL,2,LIV,11,True,2022-05-10T19:00:00Z,1,2,21
36,323,LEE,10,CHE,6,True,2022-05-11T18:30:00Z,0,3,21
36,207,LEI,9,NOR,15,True,2022-05-11T18:45:00Z,3,0,21
36,299,WAT,18,EVE,8,True,2022-05-11T18:45:00Z,0,0,21
36,330,WOL,20,MCI,12,True,2022-05-11T19:15:00Z,1,5,21
36,218,TOT,17,ARS,1,True,2022-05-12T18:45:00Z,3,0,21
37,367,TOT,17,BUR,5,True,2022-05-15T11:00:00Z,1,0,21
37,361,AVL,2,CRY,7,True,2022-05-15T13:00:00Z,1,1,21
37,363,LEE,10,BHA,4,True,2022-05-15T13:00:00Z,1,1,21
37,368,WAT,18,LEI,9,True,2022-05-15T13:00:00Z,1,5,21
37,369,WHU,19,MCI,12,True,2022-05-15T13:00:00Z,2,2,21
37,370,WOL,20,NOR,15,True,2022-05-15T13:00:00Z,1,1,21
37,362,EVE,8,BRE,3,True,2022-05-15T15:30:00Z,2,3,21
37,365,NEW,14,ARS,1,True,2022-05-16T19:00:00Z,2,0,21
37,366,SOU,16,LIV,11,True,2022-05-17T18:45:00Z,1,2,21
37,322,EVE,8,CRY,7,True,2022-05-19T18:45:00Z,3,2,21
37,171,AVL,2,BUR,5,True,2022-05-19T19:00:00Z,1,1,21
37,264,CHE,6,LEI,9,True,2022-05-19T19:00:00Z,1,1,21
38,371,ARS,1,EVE,8,True,2022-05-22T15:00:00Z,5,1,21
38,372,BRE,3,LEE,10,True,2022-05-22T15:00:00Z,1,2,21
38,373,BHA,4,WHU,19,True,2022-05-22T15:00:00Z,3,1,21
38,374,BUR,5,NEW,14,True,2022-05-22T15:00:00Z,1,2,21
38,375,CHE,6,WAT,18,True,2022-05-22T15:00:00Z,2,1,21
38,376,CRY,7,MUN,13,True,2022-05-22T15:00:00Z,1,0,21
38,377,LEI,9,SOU,16,True,2022-05-22T15:00:00Z,4,1,21
38,378,LIV,11,WOL,20,True,2022-05-22T15:00:00Z,3,1,21
38,379,MCI,12,AVL,2,True,2022-05-22T15:00:00Z,3,2,21
38,380,NOR,15,TOT,17,True,2022-05-22T15:00:00Z,0,5,21
